{
  "capuchinoFelizCoffeeShop": {
    "id": "26a85695-c945-4d35-bd0b-1a61b236ea09",
    "coffeeShop": {
      "id": "26a85695-c945-4d35-bd0b-1a61b236ea09",
      "displayValue": "Capuchino Feliz",
      "displayMedia": { "type": "text", "value": "Capuchino Feliz" }
    },
    "timestamp": { "id": "33f41b40-1233-448f-972e-883a54649e32", "displayValue": 1633387281359 },
    "displayValue::coffeeShop": {
      "id": "26a85695-c945-4d35-bd0b-1a61b236ea09",
      "displayValue": "Capuchino Feliz"
    },
    "coffee": { "id": "47c67919-b4de-4d2a-908b-e8288cac1068", "displayMedia": "" },
    "customer": { "id": "4361560c-5687-4f31-a93b-190f41800265", "displayMedia": "" },
    "monthlyBrandingColor": {
      "id": "de7b1a68-6b5b-4edd-b6d7-c38b58c531a7",
      "displayMedia": "",
      "displayValue": "rgba(90,155,53,0.74)"
    },
    "previousBrandingColors": [
      { "displayValue": "rgba(76,75,178,0.41)", "id": "0a5d1779-9795-40a0-bce4-074250fc402f" },
      { "displayValue": "rgba(70,160,91,0.86)", "id": "0a5d1779-9795-40a0-bce4-074250fc402f" },
      { "displayValue": "rgba(40,165,25,0.01)", "id": "0a5d1779-9795-40a0-bce4-074250fc402f" },
      { "displayValue": "rgba(23,89,153,0.58)", "id": "0a5d1779-9795-40a0-bce4-074250fc402f" },
      { "displayValue": "rgba(166,207,181,0.45)", "id": "0a5d1779-9795-40a0-bce4-074250fc402f" },
      { "displayValue": "rgba(116,124,89,0.54)", "id": "0a5d1779-9795-40a0-bce4-074250fc402f" },
      { "displayValue": "rgba(169,15,117,0.9)", "id": "0a5d1779-9795-40a0-bce4-074250fc402f" },
      { "displayValue": "rgba(72,105,48,0.6)", "id": "0a5d1779-9795-40a0-bce4-074250fc402f" },
      { "displayValue": "rgba(71,147,175,0.51)", "id": "0a5d1779-9795-40a0-bce4-074250fc402f" },
      { "displayValue": "rgba(131,43,186,0.21)", "id": "0a5d1779-9795-40a0-bce4-074250fc402f" },
      { "displayValue": "rgba(89,5,64,0.71)", "id": "0a5d1779-9795-40a0-bce4-074250fc402f" },
      { "displayValue": "rgba(34,203,74,0.63)", "id": "0a5d1779-9795-40a0-bce4-074250fc402f" },
      { "displayValue": "rgba(160,46,252,0.29)", "id": "0a5d1779-9795-40a0-bce4-074250fc402f" },
      { "displayValue": "rgba(119,23,206,0.44)", "id": "0a5d1779-9795-40a0-bce4-074250fc402f" },
      { "displayValue": "rgba(143,134,229,0.42)", "id": "0a5d1779-9795-40a0-bce4-074250fc402f" },
      { "displayValue": "rgba(42,138,105,0.92)", "id": "0a5d1779-9795-40a0-bce4-074250fc402f" },
      { "displayValue": "rgba(17,240,197,0.96)", "id": "0a5d1779-9795-40a0-bce4-074250fc402f" },
      { "displayValue": "rgba(162,162,172,0.93)", "id": "0a5d1779-9795-40a0-bce4-074250fc402f" },
      { "displayValue": "rgba(159,117,39,0.13)", "id": "0a5d1779-9795-40a0-bce4-074250fc402f" },
      { "displayValue": "rgba(47,124,238,0.69)", "id": "0a5d1779-9795-40a0-bce4-074250fc402f" }
    ],
    "squareFootage": { "id": "8ec6aec9-ef8b-4f0a-8e6c-dd475f2e6bf9", "displayValue": 1125.574997975491 },
    "description": {
      "id": "c46892fa-30a7-4998-9929-09b082d61d53",
      "displayMedia": "",
      "displayValue": "Facilis laudantium sed sit ut quis. Optio qui voluptatem et rerum ratione quae. Assumenda enim aut iste modi vero accusamus minima reiciendis."
    },
    "userWrittenReviews": { "id": "628b85ee-c0a7-41dc-98d2-eb2c4c04645c", "displayMedia": "" },
    "marketValue": { "id": "909157be-ce24-4b27-b8ab-13be9e6dde56", "displayMedia": "", "displayValue": 8 },
    "reviewLevel": { "id": "852e3002-1f46-4c0a-85f3-d24dcf822d4b", "displayMedia": "" },
    "coffeeQuality": {
      "id": "da9bd6be-b7ca-4bee-a9b2-30f7c7f5c4e1",
      "displayMedia": {
        "type": "svg",
        "value": "https://raw.githubusercontent.com/KLEEEN-SOFTWARE/Kleeen-svgs/main/assets/severity-levels-svgs/severity-level-1of4.svg"
      },
      "displayValue": "Gross"
    },
    "userReview": { "id": "9bad406f-fd3b-4850-86df-9abd84c39c34", "displayMedia": "" },
    "managerReview": { "id": "2ed6e6e1-090c-4080-b038-6a260be4f3ca", "displayMedia": "", "displayValue": 6 },
    "reviewScore": { "id": "0ba0376c-5001-410e-b3bc-ec2eefd26c54", "displayMedia": "" },
    "occupationPercent": {
      "id": "71f78bc4-927c-473b-a6a1-fb20c38bfd02",
      "displayMedia": "",
      "displayValue": 4
    },
    "efficiencyPercent": { "id": "4fd1ac45-04bc-402b-b80c-c93d917e24d5", "displayMedia": "" },
    "inauguration": {
      "id": "1638670c-01b3-4cb7-95b0-d34d7ddb93c3",
      "displayMedia": "",
      "displayValue": 1625404182266
    },
    "importantEvent": { "id": "e2c76999-c6b4-4695-884d-c42ca3730de1", "displayMedia": "" },
    "isOpen": { "id": "d7de93ed-87d1-4513-8530-fb9d75fb137f", "displayMedia": "", "displayValue": true },
    "yearlyIncome": { "displayValue": 56 },
    "menu": { "id": "4aaa4225-d024-4d57-aed4-dc8082e8aff4", "displayMedia": "", "displayValue": 996 },
    "table": { "displayValue": 78 },
    "server": [
      { "displayValue": "Alexandrea", "id": "80878c1f-daad-4ab0-8bac-e4a57b4a4cda" },
      { "displayValue": "Jodie", "id": "80878c1f-daad-4ab0-8bac-e4a57b4a4cda" },
      { "displayValue": "Marjorie", "id": "80878c1f-daad-4ab0-8bac-e4a57b4a4cda" },
      { "displayValue": "Braden", "id": "80878c1f-daad-4ab0-8bac-e4a57b4a4cda" },
      { "displayValue": "Elisabeth", "id": "80878c1f-daad-4ab0-8bac-e4a57b4a4cda" },
      { "displayValue": "Murray", "id": "80878c1f-daad-4ab0-8bac-e4a57b4a4cda" },
      { "displayValue": "Kirstin", "id": "80878c1f-daad-4ab0-8bac-e4a57b4a4cda" },
      { "displayValue": "Jacklyn", "id": "80878c1f-daad-4ab0-8bac-e4a57b4a4cda" },
      { "displayValue": "Luigi", "id": "80878c1f-daad-4ab0-8bac-e4a57b4a4cda" },
      { "displayValue": "Linwood", "id": "80878c1f-daad-4ab0-8bac-e4a57b4a4cda" },
      { "displayValue": "Ladarius", "id": "80878c1f-daad-4ab0-8bac-e4a57b4a4cda" },
      { "displayValue": "Verner", "id": "80878c1f-daad-4ab0-8bac-e4a57b4a4cda" },
      { "displayValue": "Paxton", "id": "80878c1f-daad-4ab0-8bac-e4a57b4a4cda" },
      { "displayValue": "Edna", "id": "80878c1f-daad-4ab0-8bac-e4a57b4a4cda" },
      { "displayValue": "Malika", "id": "80878c1f-daad-4ab0-8bac-e4a57b4a4cda" },
      { "displayValue": "Elbert", "id": "80878c1f-daad-4ab0-8bac-e4a57b4a4cda" },
      { "displayValue": "Nella", "id": "80878c1f-daad-4ab0-8bac-e4a57b4a4cda" },
      { "displayValue": "Royce", "id": "80878c1f-daad-4ab0-8bac-e4a57b4a4cda" },
      { "displayValue": "Daphne", "id": "80878c1f-daad-4ab0-8bac-e4a57b4a4cda" },
      { "displayValue": "Vella", "id": "80878c1f-daad-4ab0-8bac-e4a57b4a4cda" }
    ],
    "barista": { "id": "f329ea2e-8673-4fff-a75c-fdd6eb43c664", "displayMedia": "" }
  },
  "chocolatito": {
    "id": "1990432d-09d0-4a1d-a1fe-a10e965ffdce",
    "coffeeShop": {
      "id": "1990432d-09d0-4a1d-a1fe-a10e965ffdce",
      "displayValue": "Chocolatito",
      "displayMedia": { "type": "text", "value": "Chocolatito" }
    },
    "timestamp": { "id": "33g41b40-1233-448f-972e-883a54649e32", "displayValue": 1632688882016 },
    "displayValue::coffeeShop": {
      "id": "1990432d-09d0-4a1d-a1fe-a10e965ffdce",
      "displayValue": "Chocolatito"
    },
    "coffee": { "id": "1858053e-a2bf-47c7-8403-0e68df57065f", "displayMedia": "" },
    "customer": { "id": "dbd22ede-fce8-48b2-b485-7734048b0627", "displayMedia": "" },
    "monthlyBrandingColor": {
      "id": "b5523a6d-c53e-4ee8-b4ff-6547dc56820e",
      "displayMedia": "",
      "displayValue": "rgba(134,194,106,0.89)"
    },
    "previousBrandingColors": [
      { "displayValue": "rgba(162,139,191,0.85)", "id": "5eecea69-ceb3-4e4f-aec3-c6c4ecc5eb73" },
      { "displayValue": "rgba(38,117,251,0.65)", "id": "5eecea69-ceb3-4e4f-aec3-c6c4ecc5eb73" },
      { "displayValue": "rgba(40,252,101,0.19)", "id": "5eecea69-ceb3-4e4f-aec3-c6c4ecc5eb73" },
      { "displayValue": "rgba(218,1,7,0.43)", "id": "5eecea69-ceb3-4e4f-aec3-c6c4ecc5eb73" },
      { "displayValue": "rgba(193,20,103,0.81)", "id": "5eecea69-ceb3-4e4f-aec3-c6c4ecc5eb73" },
      { "displayValue": "rgba(53,97,218,0.97)", "id": "5eecea69-ceb3-4e4f-aec3-c6c4ecc5eb73" },
      { "displayValue": "rgba(99,131,118,0.08)", "id": "5eecea69-ceb3-4e4f-aec3-c6c4ecc5eb73" },
      { "displayValue": "rgba(226,37,11,0)", "id": "5eecea69-ceb3-4e4f-aec3-c6c4ecc5eb73" },
      { "displayValue": "rgba(214,90,185,0.06)", "id": "5eecea69-ceb3-4e4f-aec3-c6c4ecc5eb73" },
      { "displayValue": "rgba(93,36,22,0.69)", "id": "5eecea69-ceb3-4e4f-aec3-c6c4ecc5eb73" },
      { "displayValue": "rgba(10,253,18,0.05)", "id": "5eecea69-ceb3-4e4f-aec3-c6c4ecc5eb73" },
      { "displayValue": "rgba(129,90,220,0.21)", "id": "5eecea69-ceb3-4e4f-aec3-c6c4ecc5eb73" },
      { "displayValue": "rgba(194,50,61,0.67)", "id": "5eecea69-ceb3-4e4f-aec3-c6c4ecc5eb73" },
      { "displayValue": "rgba(254,158,244,0.09)", "id": "5eecea69-ceb3-4e4f-aec3-c6c4ecc5eb73" },
      { "displayValue": "rgba(246,188,18,0.13)", "id": "5eecea69-ceb3-4e4f-aec3-c6c4ecc5eb73" },
      { "displayValue": "rgba(144,222,234,0.99)", "id": "5eecea69-ceb3-4e4f-aec3-c6c4ecc5eb73" },
      { "displayValue": "rgba(60,114,75,0.89)", "id": "5eecea69-ceb3-4e4f-aec3-c6c4ecc5eb73" },
      { "displayValue": "rgba(207,31,177,0.24)", "id": "5eecea69-ceb3-4e4f-aec3-c6c4ecc5eb73" },
      { "displayValue": "rgba(41,246,64,0.69)", "id": "5eecea69-ceb3-4e4f-aec3-c6c4ecc5eb73" },
      { "displayValue": "rgba(190,39,118,0.49)", "id": "5eecea69-ceb3-4e4f-aec3-c6c4ecc5eb73" }
    ],
    "squareFootage": { "id": "bf2e3f10-690e-4d98-8443-bfe75d709d2b", "displayValue": 1290.7538092695177 },
    "description": {
      "id": "dbba1b34-66e9-47b7-a2c2-fdc16f78e2ce",
      "displayMedia": "",
      "displayValue": "Inventore voluptatem totam dolores distinctio enim. Sapiente enim asperiores necessitatibus omnis blanditiis. Odit odit consequuntur nobis perspiciatis."
    },
    "userWrittenReviews": { "id": "68678e54-a1b6-4b2c-bf26-e6b9c249335c", "displayMedia": "" },
    "marketValue": { "id": "0393da44-20e6-4bd5-95d3-8a6167955476", "displayMedia": "", "displayValue": 21 },
    "reviewLevel": { "id": "1da86c2a-9e23-4cb1-b3ff-032e84b73b9a", "displayMedia": "" },
    "coffeeQuality": {
      "id": "9c081981-f29d-4dd3-bc84-359dd13864e4",
      "displayMedia": {
        "type": "svg",
        "value": "https://raw.githubusercontent.com/KLEEEN-SOFTWARE/Kleeen-svgs/main/assets/severity-levels-svgs/severity-level-1of4.svg"
      },
      "displayValue": "Gross"
    },
    "userReview": { "id": "dc935595-7d4b-4c6a-8ae2-9a7797f70230", "displayMedia": "" },
    "managerReview": { "id": "3017fb6d-60ff-425f-8725-8c9f1d51fb80", "displayMedia": "", "displayValue": 14 },
    "reviewScore": { "id": "c32f2731-bfc5-4d8d-9a95-4c67fdc19996", "displayMedia": "" },
    "occupationPercent": {
      "id": "a544d6f7-259a-4426-9e1b-698623745f5d",
      "displayMedia": "",
      "displayValue": 32
    },
    "efficiencyPercent": { "id": "fa4e46f7-6356-4ddd-8ac3-054af0ecc7a4", "displayMedia": "" },
    "inauguration": {
      "id": "9b0eb710-f3e0-43fb-a6fc-daef7a136482",
      "displayMedia": "",
      "displayValue": 1630668172385
    },
    "importantEvent": { "id": "e054f34d-1515-4e3b-884b-47420d4ba562", "displayMedia": "" },
    "isOpen": { "id": "3dd3dc72-af28-44c2-9765-dd69212ae631", "displayMedia": "", "displayValue": true },
    "yearlyIncome": { "displayValue": 27 },
    "menu": { "id": "723637bf-32f0-41e1-be0d-16998cadb1d9", "displayMedia": "", "displayValue": 932 },
    "table": { "displayValue": 179 },
    "server": [
      { "displayValue": "Johnathan", "id": "f852cd9d-f561-433b-b316-cd9ab566f9ba" },
      { "displayValue": "Jaiden", "id": "f852cd9d-f561-433b-b316-cd9ab566f9ba" },
      { "displayValue": "Madison", "id": "f852cd9d-f561-433b-b316-cd9ab566f9ba" },
      { "displayValue": "Ethel", "id": "f852cd9d-f561-433b-b316-cd9ab566f9ba" },
      { "displayValue": "Damon", "id": "f852cd9d-f561-433b-b316-cd9ab566f9ba" },
      { "displayValue": "Ewell", "id": "f852cd9d-f561-433b-b316-cd9ab566f9ba" },
      { "displayValue": "Taurean", "id": "f852cd9d-f561-433b-b316-cd9ab566f9ba" },
      { "displayValue": "Phoebe", "id": "f852cd9d-f561-433b-b316-cd9ab566f9ba" },
      { "displayValue": "Jayme", "id": "f852cd9d-f561-433b-b316-cd9ab566f9ba" },
      { "displayValue": "Wilhelm", "id": "f852cd9d-f561-433b-b316-cd9ab566f9ba" },
      { "displayValue": "Armando", "id": "f852cd9d-f561-433b-b316-cd9ab566f9ba" },
      { "displayValue": "Mckenzie", "id": "f852cd9d-f561-433b-b316-cd9ab566f9ba" },
      { "displayValue": "Marco", "id": "f852cd9d-f561-433b-b316-cd9ab566f9ba" },
      { "displayValue": "Bobbie", "id": "f852cd9d-f561-433b-b316-cd9ab566f9ba" },
      { "displayValue": "Shirley", "id": "f852cd9d-f561-433b-b316-cd9ab566f9ba" },
      { "displayValue": "Sherwood", "id": "f852cd9d-f561-433b-b316-cd9ab566f9ba" },
      { "displayValue": "Ansel", "id": "f852cd9d-f561-433b-b316-cd9ab566f9ba" },
      { "displayValue": "Eudora", "id": "f852cd9d-f561-433b-b316-cd9ab566f9ba" },
      { "displayValue": "Keven", "id": "f852cd9d-f561-433b-b316-cd9ab566f9ba" },
      { "displayValue": "Joseph", "id": "f852cd9d-f561-433b-b316-cd9ab566f9ba" }
    ],
    "barista": { "id": "898b2087-dda0-478a-91fe-a00ceb29b8a2", "displayMedia": "" }
  },
  "expresoAHogwarts": {
    "id": "eedb7de3-e021-46f6-b581-dc48dd7d8c7e",
    "coffeeShop": {
      "id": "eedb7de3-e021-46f6-b581-dc48dd7d8c7e",
      "displayValue": "Expreso a Hogwarts",
      "displayMedia": { "type": "text", "value": "Expreso a Hogwarts" }
    },
    "timestamp": { "id": "33a31b40-1246-118f-972e-883a54649e32", "displayValue": 1622455911543 },
    "displayValue::coffeeShop": {
      "id": "eedb7de3-e021-46f6-b581-dc48dd7d8c7e",
      "displayValue": "Expreso a Hogwarts"
    },
    "coffee": { "id": "b82e9df4-e1b5-4255-b5eb-da02938d1930", "displayMedia": "" },
    "customer": { "id": "b01baf3b-e364-4045-90fe-d1ed8e2a9d11", "displayMedia": "" },
    "monthlyBrandingColor": {
      "id": "fe765095-8d02-4a0a-990f-e0c7ec45b0bb",
      "displayMedia": "",
      "displayValue": "rgba(213,51,107,0.5)"
    },
    "previousBrandingColors": [
      { "displayValue": "rgba(36,5,22,0.41)", "id": "eade904d-df8b-4174-bd8d-9b927f57751a" },
      { "displayValue": "rgba(255,176,176,0.35)", "id": "eade904d-df8b-4174-bd8d-9b927f57751a" },
      { "displayValue": "rgba(146,51,224,0.36)", "id": "eade904d-df8b-4174-bd8d-9b927f57751a" },
      { "displayValue": "rgba(99,222,166,0.24)", "id": "eade904d-df8b-4174-bd8d-9b927f57751a" },
      { "displayValue": "rgba(182,76,62,0.17)", "id": "eade904d-df8b-4174-bd8d-9b927f57751a" },
      { "displayValue": "rgba(249,94,41,0.81)", "id": "eade904d-df8b-4174-bd8d-9b927f57751a" },
      { "displayValue": "rgba(30,87,160,0.04)", "id": "eade904d-df8b-4174-bd8d-9b927f57751a" },
      { "displayValue": "rgba(33,235,175,0.27)", "id": "eade904d-df8b-4174-bd8d-9b927f57751a" },
      { "displayValue": "rgba(128,49,1,0.54)", "id": "eade904d-df8b-4174-bd8d-9b927f57751a" },
      { "displayValue": "rgba(154,203,90,0.54)", "id": "eade904d-df8b-4174-bd8d-9b927f57751a" },
      { "displayValue": "rgba(105,131,237,0.67)", "id": "eade904d-df8b-4174-bd8d-9b927f57751a" },
      { "displayValue": "rgba(28,174,194,0.95)", "id": "eade904d-df8b-4174-bd8d-9b927f57751a" },
      { "displayValue": "rgba(170,204,55,0.42)", "id": "eade904d-df8b-4174-bd8d-9b927f57751a" },
      { "displayValue": "rgba(26,101,204,0.51)", "id": "eade904d-df8b-4174-bd8d-9b927f57751a" },
      { "displayValue": "rgba(4,132,140,0.87)", "id": "eade904d-df8b-4174-bd8d-9b927f57751a" },
      { "displayValue": "rgba(159,139,164,0.89)", "id": "eade904d-df8b-4174-bd8d-9b927f57751a" },
      { "displayValue": "rgba(50,48,16,0.65)", "id": "eade904d-df8b-4174-bd8d-9b927f57751a" },
      { "displayValue": "rgba(157,61,48,0.69)", "id": "eade904d-df8b-4174-bd8d-9b927f57751a" },
      { "displayValue": "rgba(18,34,228,0.66)", "id": "eade904d-df8b-4174-bd8d-9b927f57751a" },
      { "displayValue": "rgba(226,179,19,0.42)", "id": "eade904d-df8b-4174-bd8d-9b927f57751a" }
    ],
    "squareFootage": { "id": "2aa8f455-8b4d-40b4-8e25-0693ff28f47e", "displayValue": 1486.476763500832 },
    "description": {
      "id": "2b6bcbc3-3ac3-478b-9482-011ef43649e6",
      "displayMedia": "",
      "displayValue": "Sit omnis sunt aut porro illum error ad vel. Sit molestias laborum aliquam. Sapiente dicta in sint molestias minus."
    },
    "userWrittenReviews": { "id": "58b1d397-2ccc-47c4-881e-2c12f7f2e897", "displayMedia": "" },
    "marketValue": { "id": "46015e01-10bf-430b-b0c1-e8d197c504d1", "displayMedia": "", "displayValue": 50 },
    "reviewLevel": { "id": "d8476712-60bb-409e-a06d-b40c27d53d17", "displayMedia": "" },
    "coffeeQuality": {
      "id": "da9bd6be-b7ca-4bee-a9b2-30f7c7f5c4e1",
      "displayMedia": {
        "type": "svg",
        "value": "https://raw.githubusercontent.com/KLEEEN-SOFTWARE/Kleeen-svgs/main/assets/severity-levels-svgs/severity-level-2of4.svg"
      },
      "displayValue": "Meh"
    },
    "userReview": { "id": "9bad406f-fd3b-4850-86df-9abd84c39c34", "displayMedia": "" },
    "managerReview": { "id": "01b3fca1-dd7a-4a71-a8c7-c6d55adbc9db", "displayMedia": "", "displayValue": 14 },
    "reviewScore": { "id": "1a470341-6a1c-410c-8e34-128dcbf5a6c0", "displayMedia": "" },
    "occupationPercent": {
      "id": "0dd90c27-47f4-43e2-b1ac-3b4e6934caa1",
      "displayMedia": "",
      "displayValue": 78
    },
    "efficiencyPercent": { "id": "1bb79997-ca28-4e1c-b0b8-dc11006dceb4", "displayMedia": "" },
    "inauguration": {
      "id": "f46a0a8a-4194-4de6-807e-1721d9514dad",
      "displayMedia": "",
      "displayValue": 1631698145384
    },
    "importantEvent": { "id": "1ef93709-6d1c-4ced-965d-4258a676a119", "displayMedia": "" },
    "isOpen": { "id": "dbd8b1cd-eeb3-4184-a977-7302c0130260", "displayMedia": "", "displayValue": true },
    "yearlyIncome": { "displayValue": 15 },
    "menu": { "id": "2c6a2f26-ee4b-45dd-b79f-6deb79161ab4", "displayMedia": "", "displayValue": -447 },
    "table": { "displayValue": 60 },
    "server": [
      { "displayValue": "Kasandra", "id": "aead37de-2879-449f-aee6-c99ef91d5301" },
      { "displayValue": "Shemar", "id": "aead37de-2879-449f-aee6-c99ef91d5301" },
      { "displayValue": "Lesley", "id": "aead37de-2879-449f-aee6-c99ef91d5301" },
      { "displayValue": "Doris", "id": "aead37de-2879-449f-aee6-c99ef91d5301" },
      { "displayValue": "Estella", "id": "aead37de-2879-449f-aee6-c99ef91d5301" },
      { "displayValue": "Roberta", "id": "aead37de-2879-449f-aee6-c99ef91d5301" },
      { "displayValue": "Brielle", "id": "aead37de-2879-449f-aee6-c99ef91d5301" },
      { "displayValue": "Addie", "id": "aead37de-2879-449f-aee6-c99ef91d5301" },
      { "displayValue": "Schuyler", "id": "aead37de-2879-449f-aee6-c99ef91d5301" },
      { "displayValue": "Dandre", "id": "aead37de-2879-449f-aee6-c99ef91d5301" },
      { "displayValue": "Brionna", "id": "aead37de-2879-449f-aee6-c99ef91d5301" },
      { "displayValue": "Serenity", "id": "aead37de-2879-449f-aee6-c99ef91d5301" },
      { "displayValue": "Itzel", "id": "aead37de-2879-449f-aee6-c99ef91d5301" },
      { "displayValue": "Jazmyne", "id": "aead37de-2879-449f-aee6-c99ef91d5301" },
      { "displayValue": "Alysa", "id": "aead37de-2879-449f-aee6-c99ef91d5301" },
      { "displayValue": "Aiden", "id": "aead37de-2879-449f-aee6-c99ef91d5301" },
      { "displayValue": "Amina", "id": "aead37de-2879-449f-aee6-c99ef91d5301" },
      { "displayValue": "Kasey", "id": "aead37de-2879-449f-aee6-c99ef91d5301" },
      { "displayValue": "Itzel", "id": "aead37de-2879-449f-aee6-c99ef91d5301" },
      { "displayValue": "Summer", "id": "aead37de-2879-449f-aee6-c99ef91d5301" }
    ],
    "barista": { "id": "b1b0fc16-8459-4c22-99ae-a70a8e3a8ed6", "displayMedia": "" }
  },
  "latteMiCorazon": {
    "id": "e4f421cc-45fc-4361-b3d8-cd68e2b8cd8c",
    "coffeeShop": {
      "id": "e4f421cc-45fc-4361-b3d8-cd68e2b8cd8c",
      "displayValue": "Latte mi Corazon",
      "displayMedia": { "type": "text", "value": "Latte mi Corazon" }
    },
    "timestamp": { "id": "33a31b40-1246-118f-972e-883a54649e32", "displayValue": 1622455911543 },
    "displayValue::coffeeShop": {
      "id": "e4f421cc-45fc-4361-b3d8-cd68e2b8cd8c",
      "displayValue": "Latte mi Corazon"
    },
    "coffee": { "id": "80fa6230-a4ae-4b29-b241-d19b2be11686", "displayMedia": "" },
    "customer": { "id": "fe22e090-b4c8-4bfc-b2fc-98917d96c88a", "displayMedia": "" },
    "monthlyBrandingColor": {
      "id": "55d5a6a2-99ab-47cb-a073-91dc5176441e",
      "displayMedia": "",
      "displayValue": "rgba(74,217,195,0.02)"
    },
    "previousBrandingColors": [
      { "displayValue": "rgba(178,200,124,0.2)", "id": "232af0ea-903b-4e5f-b44d-dd8497ed4851" },
      { "displayValue": "rgba(230,174,154,0.46)", "id": "232af0ea-903b-4e5f-b44d-dd8497ed4851" },
      { "displayValue": "rgba(155,221,51,0.49)", "id": "232af0ea-903b-4e5f-b44d-dd8497ed4851" },
      { "displayValue": "rgba(142,176,190,0.56)", "id": "232af0ea-903b-4e5f-b44d-dd8497ed4851" },
      { "displayValue": "rgba(73,122,130,0.01)", "id": "232af0ea-903b-4e5f-b44d-dd8497ed4851" },
      { "displayValue": "rgba(40,202,91,0.72)", "id": "232af0ea-903b-4e5f-b44d-dd8497ed4851" },
      { "displayValue": "rgba(154,2,196,0.23)", "id": "232af0ea-903b-4e5f-b44d-dd8497ed4851" },
      { "displayValue": "rgba(108,183,82,0.48)", "id": "232af0ea-903b-4e5f-b44d-dd8497ed4851" },
      { "displayValue": "rgba(30,197,84,0.89)", "id": "232af0ea-903b-4e5f-b44d-dd8497ed4851" },
      { "displayValue": "rgba(214,151,15,0.23)", "id": "232af0ea-903b-4e5f-b44d-dd8497ed4851" },
      { "displayValue": "rgba(68,61,57,0.77)", "id": "232af0ea-903b-4e5f-b44d-dd8497ed4851" },
      { "displayValue": "rgba(106,123,216,0.76)", "id": "232af0ea-903b-4e5f-b44d-dd8497ed4851" },
      { "displayValue": "rgba(16,184,86,0.19)", "id": "232af0ea-903b-4e5f-b44d-dd8497ed4851" },
      { "displayValue": "rgba(233,107,79,0.73)", "id": "232af0ea-903b-4e5f-b44d-dd8497ed4851" },
      { "displayValue": "rgba(177,250,151,0.59)", "id": "232af0ea-903b-4e5f-b44d-dd8497ed4851" },
      { "displayValue": "rgba(53,136,37,0.47)", "id": "232af0ea-903b-4e5f-b44d-dd8497ed4851" },
      { "displayValue": "rgba(169,127,1,0.9)", "id": "232af0ea-903b-4e5f-b44d-dd8497ed4851" },
      { "displayValue": "rgba(140,106,76,0.84)", "id": "232af0ea-903b-4e5f-b44d-dd8497ed4851" },
      { "displayValue": "rgba(15,75,255,0.48)", "id": "232af0ea-903b-4e5f-b44d-dd8497ed4851" },
      { "displayValue": "rgba(101,188,97,0.56)", "id": "232af0ea-903b-4e5f-b44d-dd8497ed4851" }
    ],
    "squareFootage": { "id": "6ace9f95-b6a2-480a-af90-0a51cc449b44", "displayValue": 1702.1096842363477 },
    "description": {
      "id": "81afdd55-23fc-46b4-b0b7-8d848d6b773c",
      "displayMedia": "",
      "displayValue": "Reprehenderit tempora veniam et iure officia quam quia non. Quo odio aut sed officiis nobis. Omnis voluptas omnis maxime non inventore."
    },
    "userWrittenReviews": { "id": "d16be215-cb67-450c-b35e-755bbd229bf7", "displayMedia": "" },
    "marketValue": { "id": "352d512e-9a9b-48c5-8d1d-a3e98b2a65ba", "displayMedia": "", "displayValue": 52 },
    "reviewLevel": { "id": "59912c3f-2fa0-484d-90e5-43719353a480", "displayMedia": "" },
    "coffeeQuality": {
      "id": "8fad6f09-0a51-4d5a-aea6-89005494b7b6",
      "displayMedia": {
        "type": "svg",
        "value": "https://raw.githubusercontent.com/KLEEEN-SOFTWARE/Kleeen-svgs/main/assets/severity-levels-svgs/severity-level-4of4.svg"
      },
      "displayValue": "Coffeelicious"
    },
    "userReview": { "id": "9bad406f-fd3b-4850-86df-9abd84c39c34", "displayMedia": "" },
    "managerReview": { "id": "01b3fca1-dd7a-4a71-a8c7-c6d55adbc9db", "displayMedia": "", "displayValue": 12 },
    "reviewScore": { "id": "aff37572-3c1e-4c90-a970-82e3e9751a52", "displayMedia": "" },
    "occupationPercent": {
      "id": "95be9f5b-3bd7-475b-9212-fdb71a2a3a33",
      "displayMedia": "",
      "displayValue": 79
    },
    "efficiencyPercent": { "id": "3c3896a3-d8ea-40aa-8aad-d6120a17d5ca", "displayMedia": "" },
    "inauguration": {
      "id": "3db243bd-bc3f-4de8-98ed-90e220a3d82d",
      "displayMedia": "",
      "displayValue": 1626086967465
    },
    "importantEvent": { "id": "e054f34d-1515-4e3b-884b-47420d4ba562", "displayMedia": "" },
    "isOpen": { "id": "e635cd43-95e8-409b-8ae3-95bafb50dd69", "displayMedia": "", "displayValue": true },
    "yearlyIncome": { "displayValue": 19 },
    "menu": { "id": "4aaa4225-d024-4d57-aed4-dc8082e8aff4", "displayMedia": "", "displayValue": -84 },
    "table": { "displayValue": 53 },
    "server": [
      { "displayValue": "Camila", "id": "12deb08a-0a31-48b6-ba04-581aaff9a6ba" },
      { "displayValue": "Fletcher", "id": "12deb08a-0a31-48b6-ba04-581aaff9a6ba" },
      { "displayValue": "Steve", "id": "12deb08a-0a31-48b6-ba04-581aaff9a6ba" },
      { "displayValue": "Willow", "id": "12deb08a-0a31-48b6-ba04-581aaff9a6ba" },
      { "displayValue": "Catalina", "id": "12deb08a-0a31-48b6-ba04-581aaff9a6ba" },
      { "displayValue": "Mozelle", "id": "12deb08a-0a31-48b6-ba04-581aaff9a6ba" },
      { "displayValue": "Mohammed", "id": "12deb08a-0a31-48b6-ba04-581aaff9a6ba" },
      { "displayValue": "Brandi", "id": "12deb08a-0a31-48b6-ba04-581aaff9a6ba" },
      { "displayValue": "Brooks", "id": "12deb08a-0a31-48b6-ba04-581aaff9a6ba" },
      { "displayValue": "Dejah", "id": "12deb08a-0a31-48b6-ba04-581aaff9a6ba" },
      { "displayValue": "Santino", "id": "12deb08a-0a31-48b6-ba04-581aaff9a6ba" },
      { "displayValue": "Shyann", "id": "12deb08a-0a31-48b6-ba04-581aaff9a6ba" },
      { "displayValue": "Laila", "id": "12deb08a-0a31-48b6-ba04-581aaff9a6ba" },
      { "displayValue": "Elfrieda", "id": "12deb08a-0a31-48b6-ba04-581aaff9a6ba" },
      { "displayValue": "Leo", "id": "12deb08a-0a31-48b6-ba04-581aaff9a6ba" },
      { "displayValue": "Otho", "id": "12deb08a-0a31-48b6-ba04-581aaff9a6ba" },
      { "displayValue": "Aniyah", "id": "12deb08a-0a31-48b6-ba04-581aaff9a6ba" },
      { "displayValue": "Rahul", "id": "12deb08a-0a31-48b6-ba04-581aaff9a6ba" },
      { "displayValue": "Riley", "id": "12deb08a-0a31-48b6-ba04-581aaff9a6ba" },
      { "displayValue": "Archibald", "id": "12deb08a-0a31-48b6-ba04-581aaff9a6ba" }
    ],
    "barista": { "id": "f2ec8078-886e-4299-b7d9-2929b8db3b67", "displayMedia": "" }
  },
  "macchiato": {
    "id": "e1c266f8-b31d-47b9-8b22-4cce57ecae1d",
    "coffeeShop": {
      "id": "e1c266f8-b31d-47b9-8b22-4cce57ecae1d",
      "displayValue": "Machiatto",
      "displayMedia": { "type": "text", "value": "Machiatto" }
    },
    "timestamp": { "id": "33a31b40-1233-448f-972e-883a54649e32", "displayValue": 1623247503734 },
    "displayValue::coffeeShop": { "id": "e1c266f8-b31d-47b9-8b22-4cce57ecae1d", "displayValue": "Machiatto" },
    "coffee": { "id": "1858053e-a2bf-47c7-8403-0e68df57065f", "displayMedia": "" },
    "customer": { "id": "ebaab08d-6b34-47b6-ac2e-d3f78aca8130", "displayMedia": "" },
    "monthlyBrandingColor": {
      "id": "ca45667b-c1b0-4611-bb5e-dfb124a8a261",
      "displayMedia": "",
      "displayValue": "rgba(190,134,190,0.72)"
    },
    "previousBrandingColors": [
      { "displayValue": "rgba(151,248,39,0.33)", "id": "c07bcdb9-bedc-4dbc-9c89-58e3b1254e16" },
      { "displayValue": "rgba(128,103,200,0.11)", "id": "c07bcdb9-bedc-4dbc-9c89-58e3b1254e16" },
      { "displayValue": "rgba(188,39,217,0.9)", "id": "c07bcdb9-bedc-4dbc-9c89-58e3b1254e16" },
      { "displayValue": "rgba(100,239,157,0.71)", "id": "c07bcdb9-bedc-4dbc-9c89-58e3b1254e16" },
      { "displayValue": "rgba(36,223,195,0.96)", "id": "c07bcdb9-bedc-4dbc-9c89-58e3b1254e16" },
      { "displayValue": "rgba(199,253,4,0.06)", "id": "c07bcdb9-bedc-4dbc-9c89-58e3b1254e16" },
      { "displayValue": "rgba(86,56,24,0.4)", "id": "c07bcdb9-bedc-4dbc-9c89-58e3b1254e16" },
      { "displayValue": "rgba(112,109,140,0.25)", "id": "c07bcdb9-bedc-4dbc-9c89-58e3b1254e16" },
      { "displayValue": "rgba(117,54,71,0.66)", "id": "c07bcdb9-bedc-4dbc-9c89-58e3b1254e16" },
      { "displayValue": "rgba(95,104,198,0.77)", "id": "c07bcdb9-bedc-4dbc-9c89-58e3b1254e16" },
      { "displayValue": "rgba(16,124,185,0.73)", "id": "c07bcdb9-bedc-4dbc-9c89-58e3b1254e16" },
      { "displayValue": "rgba(76,32,225,0.53)", "id": "c07bcdb9-bedc-4dbc-9c89-58e3b1254e16" },
      { "displayValue": "rgba(33,193,153,0.03)", "id": "c07bcdb9-bedc-4dbc-9c89-58e3b1254e16" },
      { "displayValue": "rgba(102,130,190,0.29)", "id": "c07bcdb9-bedc-4dbc-9c89-58e3b1254e16" },
      { "displayValue": "rgba(135,113,55,0.94)", "id": "c07bcdb9-bedc-4dbc-9c89-58e3b1254e16" },
      { "displayValue": "rgba(242,138,180,0.84)", "id": "c07bcdb9-bedc-4dbc-9c89-58e3b1254e16" },
      { "displayValue": "rgba(3,232,77,0.47)", "id": "c07bcdb9-bedc-4dbc-9c89-58e3b1254e16" },
      { "displayValue": "rgba(239,126,184,0.22)", "id": "c07bcdb9-bedc-4dbc-9c89-58e3b1254e16" },
      { "displayValue": "rgba(75,179,35,0.57)", "id": "c07bcdb9-bedc-4dbc-9c89-58e3b1254e16" },
      { "displayValue": "rgba(210,169,26,0.33)", "id": "c07bcdb9-bedc-4dbc-9c89-58e3b1254e16" }
    ],
    "squareFootage": { "id": "f202e121-a44b-4bf3-9643-3cf536a3c579", "displayValue": 1333.65946309641 },
    "description": {
      "id": "e39f8999-5f8e-4fd7-bdd1-7b9ec7b13d70",
      "displayMedia": "",
      "displayValue": "Laboriosam eligendi aliquam dicta rerum. Quia voluptatem est dolores voluptatem provident iusto id."
    },
    "userWrittenReviews": { "id": "7aa8a922-dc06-4321-ae0b-16f431fca187", "displayMedia": "" },
    "marketValue": { "id": "09abe778-7045-41c8-9d1b-c1f80e5748d1", "displayMedia": "", "displayValue": 5 },
    "reviewLevel": { "id": "d8476712-60bb-409e-a06d-b40c27d53d17", "displayMedia": "" },
    "coffeeQuality": {
      "id": "fa53894b-3420-471d-a961-66d9f647033d",
      "displayMedia": {
        "type": "svg",
        "value": "https://raw.githubusercontent.com/KLEEEN-SOFTWARE/Kleeen-svgs/main/assets/severity-levels-svgs/severity-level-1of4.svg"
      },
      "displayValue": "Gross"
    },
    "userReview": { "id": "3ee47dd1-ac1a-4321-ab0c-a458385897ed", "displayMedia": "" },
    "managerReview": { "id": "2ed6e6e1-090c-4080-b038-6a260be4f3ca", "displayMedia": "", "displayValue": 19 },
    "reviewScore": { "id": "075aea9a-b7a2-4cea-a72f-87ad6f212bfd", "displayMedia": "" },
    "occupationPercent": {
      "id": "6b1d1c3d-51df-4a3a-969a-06f03a9556c8",
      "displayMedia": "",
      "displayValue": 31
    },
    "efficiencyPercent": { "id": "792aeedf-63ac-4a3d-8537-9d5627fe21f2", "displayMedia": "" },
    "inauguration": {
      "id": "bb75364c-115f-4e40-b477-782241eb540b",
      "displayMedia": "",
      "displayValue": 1629062535111
    },
    "importantEvent": { "id": "d8861460-1ac5-4cd6-b8ac-96aedb003fae", "displayMedia": "" },
    "isOpen": { "id": "edf129ec-c3eb-4887-9daf-8837ead1d027", "displayMedia": "", "displayValue": false },
    "yearlyIncome": { "displayValue": 76 },
    "menu": { "id": "835a9201-a5e4-42d3-a933-2d640c85cdff", "displayMedia": "", "displayValue": 940 },
    "table": { "displayValue": 40 },
    "server": [
      { "displayValue": "Angelica", "id": "cde61813-7185-47e3-86dd-7ef7cc5c6728" },
      { "displayValue": "Gilberto", "id": "cde61813-7185-47e3-86dd-7ef7cc5c6728" },
      { "displayValue": "Gabe", "id": "cde61813-7185-47e3-86dd-7ef7cc5c6728" },
      { "displayValue": "Jaqueline", "id": "cde61813-7185-47e3-86dd-7ef7cc5c6728" },
      { "displayValue": "Zula", "id": "cde61813-7185-47e3-86dd-7ef7cc5c6728" },
      { "displayValue": "Christian", "id": "cde61813-7185-47e3-86dd-7ef7cc5c6728" },
      { "displayValue": "Theodore", "id": "cde61813-7185-47e3-86dd-7ef7cc5c6728" },
      { "displayValue": "Dorcas", "id": "cde61813-7185-47e3-86dd-7ef7cc5c6728" },
      { "displayValue": "Terrill", "id": "cde61813-7185-47e3-86dd-7ef7cc5c6728" },
      { "displayValue": "Emerald", "id": "cde61813-7185-47e3-86dd-7ef7cc5c6728" },
      { "displayValue": "Lenore", "id": "cde61813-7185-47e3-86dd-7ef7cc5c6728" },
      { "displayValue": "Garfield", "id": "cde61813-7185-47e3-86dd-7ef7cc5c6728" },
      { "displayValue": "Emma", "id": "cde61813-7185-47e3-86dd-7ef7cc5c6728" },
      { "displayValue": "Ryleigh", "id": "cde61813-7185-47e3-86dd-7ef7cc5c6728" },
      { "displayValue": "Tristian", "id": "cde61813-7185-47e3-86dd-7ef7cc5c6728" },
      { "displayValue": "Marilyne", "id": "cde61813-7185-47e3-86dd-7ef7cc5c6728" },
      { "displayValue": "Trent", "id": "cde61813-7185-47e3-86dd-7ef7cc5c6728" },
      { "displayValue": "Hildegard", "id": "cde61813-7185-47e3-86dd-7ef7cc5c6728" },
      { "displayValue": "Gracie", "id": "cde61813-7185-47e3-86dd-7ef7cc5c6728" },
      { "displayValue": "Kaylee", "id": "cde61813-7185-47e3-86dd-7ef7cc5c6728" }
    ],
    "barista": { "id": "682e239d-e3f5-4da8-a524-d679dd1f5ad3", "displayMedia": "" }
  },
  "mochachinoDulce": {
    "id": "545fffcc-59b9-48df-acf4-4db5a1371823",
    "coffeeShop": {
      "id": "545fffcc-59b9-48df-acf4-4db5a1371823",
      "displayValue": "Mocachino Dulce",
      "displayMedia": { "type": "text", "value": "Mocachino Dulce" }
    },
    "timestamp": { "id": "33a31b40-1246-448f-972e-883a54649e32", "displayValue": 1623247503734 },
    "displayValue::coffeeShop": {
      "id": "545fffcc-59b9-48df-acf4-4db5a1371823",
      "displayValue": "Mocachino Dulce"
    },
    "coffee": { "id": "1858053e-a2bf-47c7-8403-0e68df57065f", "displayMedia": "" },
    "customer": { "id": "b01baf3b-e364-4045-90fe-d1ed8e2a9d11", "displayMedia": "" },
    "monthlyBrandingColor": {
      "id": "39e5c6d8-cb71-4b20-91d9-fb6f7de1f58a",
      "displayMedia": "",
      "displayValue": "rgba(235,177,165,0.93)"
    },
    "previousBrandingColors": [
      { "displayValue": "rgba(248,96,110,0.81)", "id": "ced10497-6530-4af9-9b13-1344969a3011" },
      { "displayValue": "rgba(230,136,182,0.88)", "id": "ced10497-6530-4af9-9b13-1344969a3011" },
      { "displayValue": "rgba(5,23,250,0.63)", "id": "ced10497-6530-4af9-9b13-1344969a3011" },
      { "displayValue": "rgba(213,76,222,0.12)", "id": "ced10497-6530-4af9-9b13-1344969a3011" },
      { "displayValue": "rgba(44,168,222,0.13)", "id": "ced10497-6530-4af9-9b13-1344969a3011" },
      { "displayValue": "rgba(165,18,124,0.72)", "id": "ced10497-6530-4af9-9b13-1344969a3011" },
      { "displayValue": "rgba(28,25,163,0.51)", "id": "ced10497-6530-4af9-9b13-1344969a3011" },
      { "displayValue": "rgba(51,37,43,0.43)", "id": "ced10497-6530-4af9-9b13-1344969a3011" },
      { "displayValue": "rgba(184,30,8,0.69)", "id": "ced10497-6530-4af9-9b13-1344969a3011" },
      { "displayValue": "rgba(72,254,127,0.07)", "id": "ced10497-6530-4af9-9b13-1344969a3011" },
      { "displayValue": "rgba(190,36,26,0.09)", "id": "ced10497-6530-4af9-9b13-1344969a3011" },
      { "displayValue": "rgba(98,20,37,0.48)", "id": "ced10497-6530-4af9-9b13-1344969a3011" },
      { "displayValue": "rgba(200,142,181,0.87)", "id": "ced10497-6530-4af9-9b13-1344969a3011" },
      { "displayValue": "rgba(170,236,11,0.75)", "id": "ced10497-6530-4af9-9b13-1344969a3011" },
      { "displayValue": "rgba(73,227,240,0.8)", "id": "ced10497-6530-4af9-9b13-1344969a3011" },
      { "displayValue": "rgba(234,94,96,0.28)", "id": "ced10497-6530-4af9-9b13-1344969a3011" },
      { "displayValue": "rgba(59,166,125,0.49)", "id": "ced10497-6530-4af9-9b13-1344969a3011" },
      { "displayValue": "rgba(118,138,202,0.66)", "id": "ced10497-6530-4af9-9b13-1344969a3011" },
      { "displayValue": "rgba(21,253,216,0.37)", "id": "ced10497-6530-4af9-9b13-1344969a3011" },
      { "displayValue": "rgba(231,64,23,0.64)", "id": "ced10497-6530-4af9-9b13-1344969a3011" }
    ],
    "squareFootage": { "id": "0a697e2a-e889-4b62-9bf9-5d9dd54d56ce", "displayValue": 749.5811245171353 },
    "description": {
      "id": "c0889ba5-3d68-42e8-90cf-45e2682d18a7",
      "displayMedia": "",
      "displayValue": "Cum incidunt qui ab quidem in sunt quis. Odit quos dolores libero optio magnam sit. Illo fugiat consequuntur atque dignissimos magni dolorem unde."
    },
    "userWrittenReviews": { "id": "5dbed83a-69bd-41e7-bb59-8561c4f01464", "displayMedia": "" },
    "marketValue": { "id": "09abe778-7045-41c8-9d1b-c1f80e5748d1", "displayMedia": "", "displayValue": 90 },
    "reviewLevel": { "id": "1da86c2a-9e23-4cb1-b3ff-032e84b73b9a", "displayMedia": "" },
    "coffeeQuality": {
      "id": "8fad6f09-0a51-4d5a-aea6-89005494b7b6",
      "displayMedia": {
        "type": "svg",
        "value": "https://raw.githubusercontent.com/KLEEEN-SOFTWARE/Kleeen-svgs/main/assets/severity-levels-svgs/severity-level-4of4.svg"
      },
      "displayValue": "Coffeelicious"
    },
    "userReview": { "id": "dc935595-7d4b-4c6a-8ae2-9a7797f70230", "displayMedia": "" },
    "managerReview": { "id": "2ed6e6e1-090c-4080-b038-6a260be4f3ca", "displayMedia": "", "displayValue": 1 },
    "reviewScore": { "id": "b1c3830c-dd37-4df5-88f2-c4071c6eebfa", "displayMedia": "" },
    "occupationPercent": {
      "id": "6b1d1c3d-51df-4a3a-969a-06f03a9556c8",
      "displayMedia": "",
      "displayValue": 8
    },
    "efficiencyPercent": { "id": "b089cb9e-f628-40f3-bf80-f7b6caa0ce3b", "displayMedia": "" },
    "inauguration": {
      "id": "a4ea0cd1-e076-480f-8574-2a115f1dfcc5",
      "displayMedia": "",
      "displayValue": 1628958408718
    },
    "importantEvent": { "id": "abd9d6bf-092f-4a05-88a0-eeabac772200", "displayMedia": "" },
    "isOpen": { "id": "9287a2fc-762a-4903-a549-5dc2416723c8", "displayMedia": "", "displayValue": true },
    "yearlyIncome": { "displayValue": 98 },
    "menu": { "id": "f6a9cbbd-d835-4b96-9bb4-a58ff5556600", "displayMedia": "", "displayValue": 320 },
    "table": { "displayValue": 121 },
    "server": [
      { "displayValue": "Deborah", "id": "46f101b5-af46-4bbf-ba99-776a691b9706" },
      { "displayValue": "Javonte", "id": "46f101b5-af46-4bbf-ba99-776a691b9706" },
      { "displayValue": "Porter", "id": "46f101b5-af46-4bbf-ba99-776a691b9706" },
      { "displayValue": "Neil", "id": "46f101b5-af46-4bbf-ba99-776a691b9706" },
      { "displayValue": "Tressa", "id": "46f101b5-af46-4bbf-ba99-776a691b9706" },
      { "displayValue": "Pedro", "id": "46f101b5-af46-4bbf-ba99-776a691b9706" },
      { "displayValue": "Caden", "id": "46f101b5-af46-4bbf-ba99-776a691b9706" },
      { "displayValue": "Leonor", "id": "46f101b5-af46-4bbf-ba99-776a691b9706" },
      { "displayValue": "Phyllis", "id": "46f101b5-af46-4bbf-ba99-776a691b9706" },
      { "displayValue": "Tod", "id": "46f101b5-af46-4bbf-ba99-776a691b9706" },
      { "displayValue": "Cesar", "id": "46f101b5-af46-4bbf-ba99-776a691b9706" },
      { "displayValue": "Myrl", "id": "46f101b5-af46-4bbf-ba99-776a691b9706" },
      { "displayValue": "Wendell", "id": "46f101b5-af46-4bbf-ba99-776a691b9706" },
      { "displayValue": "Keagan", "id": "46f101b5-af46-4bbf-ba99-776a691b9706" },
      { "displayValue": "Theodora", "id": "46f101b5-af46-4bbf-ba99-776a691b9706" },
      { "displayValue": "Pete", "id": "46f101b5-af46-4bbf-ba99-776a691b9706" },
      { "displayValue": "Kim", "id": "46f101b5-af46-4bbf-ba99-776a691b9706" },
      { "displayValue": "Imelda", "id": "46f101b5-af46-4bbf-ba99-776a691b9706" },
      { "displayValue": "Pasquale", "id": "46f101b5-af46-4bbf-ba99-776a691b9706" },
      { "displayValue": "Adam", "id": "46f101b5-af46-4bbf-ba99-776a691b9706" }
    ],
    "barista": { "id": "8fd88292-935e-4bb0-9d15-f4b647d329b6", "displayMedia": "" }
  },
  "seriouslyBlack": {
    "id": "55e3d48f-4fcb-4212-8fbe-9d678f68b68e",
    "coffeeShop": {
      "id": "55e3d48f-4fcb-4212-8fbe-9d678f68b68e",
      "displayValue": "Seriously Black Coffee",
      "displayMedia": { "type": "text", "value": "Seriously Black Coffee" }
    },
    "timestamp": { "id": "33a31b40-1246-448f-972e-874a54649e32", "displayValue": 1623247503734 },
    "displayValue::coffeeShop": {
      "id": "55e3d48f-4fcb-4212-8fbe-9d678f68b68e",
      "displayValue": "Seriously Black Coffee"
    },
    "coffee": { "id": "a46c06e5-ff45-4a52-b5e3-2873e389a3f6", "displayMedia": "" },
    "customer": { "id": "b68c4502-59cb-46da-822b-8aa04f88298b", "displayMedia": "" },
    "monthlyBrandingColor": {
      "id": "6bb3cf1d-f8e6-4053-baf8-8488dc7d81c4",
      "displayMedia": "",
      "displayValue": "rgba(37,41,151,0.56)"
    },
    "previousBrandingColors": [
      { "displayValue": "rgba(167,160,44,0.44)", "id": "aadfd56b-1005-42ee-a24e-1f605568db54" },
      { "displayValue": "rgba(177,142,139,0.7)", "id": "aadfd56b-1005-42ee-a24e-1f605568db54" },
      { "displayValue": "rgba(115,111,78,0.17)", "id": "aadfd56b-1005-42ee-a24e-1f605568db54" },
      { "displayValue": "rgba(108,190,242,0.92)", "id": "aadfd56b-1005-42ee-a24e-1f605568db54" },
      { "displayValue": "rgba(53,214,88,0.83)", "id": "aadfd56b-1005-42ee-a24e-1f605568db54" },
      { "displayValue": "rgba(228,4,4,0.34)", "id": "aadfd56b-1005-42ee-a24e-1f605568db54" },
      { "displayValue": "rgba(11,94,97,0.08)", "id": "aadfd56b-1005-42ee-a24e-1f605568db54" },
      { "displayValue": "rgba(172,254,34,0.2)", "id": "aadfd56b-1005-42ee-a24e-1f605568db54" },
      { "displayValue": "rgba(59,211,76,0.21)", "id": "aadfd56b-1005-42ee-a24e-1f605568db54" },
      { "displayValue": "rgba(237,62,87,0)", "id": "aadfd56b-1005-42ee-a24e-1f605568db54" },
      { "displayValue": "rgba(212,183,142,0.94)", "id": "aadfd56b-1005-42ee-a24e-1f605568db54" },
      { "displayValue": "rgba(235,100,133,0.43)", "id": "aadfd56b-1005-42ee-a24e-1f605568db54" },
      { "displayValue": "rgba(108,246,233,0.9)", "id": "aadfd56b-1005-42ee-a24e-1f605568db54" },
      { "displayValue": "rgba(1,198,120,0.62)", "id": "aadfd56b-1005-42ee-a24e-1f605568db54" },
      { "displayValue": "rgba(56,45,118,0.09)", "id": "aadfd56b-1005-42ee-a24e-1f605568db54" },
      { "displayValue": "rgba(2,208,135,0.81)", "id": "aadfd56b-1005-42ee-a24e-1f605568db54" },
      { "displayValue": "rgba(196,125,186,0.3)", "id": "aadfd56b-1005-42ee-a24e-1f605568db54" },
      { "displayValue": "rgba(71,43,83,0.95)", "id": "aadfd56b-1005-42ee-a24e-1f605568db54" },
      { "displayValue": "rgba(19,73,145,0.31)", "id": "aadfd56b-1005-42ee-a24e-1f605568db54" },
      { "displayValue": "rgba(5,175,10,0.03)", "id": "aadfd56b-1005-42ee-a24e-1f605568db54" }
    ],
    "squareFootage": { "id": "ca3a79e1-6f05-4c18-af5d-c2ac191f03fd", "displayValue": 684.1850084019825 },
    "description": {
      "id": "7085a827-4218-442e-9953-877b2e290667",
      "displayMedia": "",
      "displayValue": "Recusandae quia qui error et atque ea ducimus. Soluta debitis quisquam tempora quia nihil sit dignissimos."
    },
    "userWrittenReviews": { "id": "937973a9-aa07-467d-a6e2-6c8b4e6e8790", "displayMedia": "" },
    "marketValue": { "id": "c2b0866b-3376-4b3f-b312-6f9ad88f6ab9", "displayMedia": "", "displayValue": 20 },
    "reviewLevel": { "id": "852e3002-1f46-4c0a-85f3-d24dcf822d4b", "displayMedia": "" },
    "coffeeQuality": {
      "id": "fa53894b-3420-471d-a961-66d9f647033d",
      "displayMedia": {
        "type": "svg",
        "value": "https://raw.githubusercontent.com/KLEEEN-SOFTWARE/Kleeen-svgs/main/assets/severity-levels-svgs/severity-level-2of4.svg"
      },
      "displayValue": "Meh"
    },
    "userReview": { "id": "3ee47dd1-ac1a-4321-ab0c-a458385897ed", "displayMedia": "" },
    "managerReview": { "id": "2ed6e6e1-090c-4080-b038-6a260be4f3ca", "displayMedia": "", "displayValue": 18 },
    "reviewScore": { "id": "253ee671-5d8e-451a-a68b-f92cc4ecd80a", "displayMedia": "" },
    "occupationPercent": {
      "id": "7f699789-3990-437d-a062-0a65a2909f44",
      "displayMedia": "",
      "displayValue": 12
    },
    "efficiencyPercent": { "id": "f9736c4f-3df4-4d00-b23b-4748a083504e", "displayMedia": "" },
    "inauguration": {
      "id": "7b39c150-861c-4596-9200-e48c3cea75f3",
      "displayMedia": "",
      "displayValue": 1632573844606
    },
    "importantEvent": { "id": "5d92df05-5e2d-4882-8476-4a3f42ab1ed8", "displayMedia": "" },
    "isOpen": { "id": "fb4ce608-a51f-473f-8c7a-12fd7ac0c0fa", "displayMedia": "", "displayValue": false },
    "yearlyIncome": { "displayValue": 28 },
    "menu": { "id": "79582bc0-bdef-45c9-96be-46bce66092c5", "displayMedia": "", "displayValue": 941 },
    "table": { "displayValue": 71 },
    "server": [
      { "displayValue": "Albina", "id": "46f101b5-af46-4bbf-ba99-776a691b9706" },
      { "displayValue": "Amely", "id": "46f101b5-af46-4bbf-ba99-776a691b9706" },
      { "displayValue": "Melyna", "id": "46f101b5-af46-4bbf-ba99-776a691b9706" },
      { "displayValue": "Toy", "id": "46f101b5-af46-4bbf-ba99-776a691b9706" },
      { "displayValue": "Hermina", "id": "46f101b5-af46-4bbf-ba99-776a691b9706" },
      { "displayValue": "Andres", "id": "46f101b5-af46-4bbf-ba99-776a691b9706" },
      { "displayValue": "Danika", "id": "46f101b5-af46-4bbf-ba99-776a691b9706" },
      { "displayValue": "Kaylin", "id": "46f101b5-af46-4bbf-ba99-776a691b9706" },
      { "displayValue": "Janice", "id": "46f101b5-af46-4bbf-ba99-776a691b9706" },
      { "displayValue": "Lavon", "id": "46f101b5-af46-4bbf-ba99-776a691b9706" },
      { "displayValue": "Delphine", "id": "46f101b5-af46-4bbf-ba99-776a691b9706" },
      { "displayValue": "Larry", "id": "46f101b5-af46-4bbf-ba99-776a691b9706" },
      { "displayValue": "Adam", "id": "46f101b5-af46-4bbf-ba99-776a691b9706" },
      { "displayValue": "Bonita", "id": "46f101b5-af46-4bbf-ba99-776a691b9706" },
      { "displayValue": "Annetta", "id": "46f101b5-af46-4bbf-ba99-776a691b9706" },
      { "displayValue": "Dalton", "id": "46f101b5-af46-4bbf-ba99-776a691b9706" },
      { "displayValue": "Dion", "id": "46f101b5-af46-4bbf-ba99-776a691b9706" },
      { "displayValue": "Hailee", "id": "46f101b5-af46-4bbf-ba99-776a691b9706" },
      { "displayValue": "Rupert", "id": "46f101b5-af46-4bbf-ba99-776a691b9706" },
      { "displayValue": "Ramiro", "id": "46f101b5-af46-4bbf-ba99-776a691b9706" }
    ],
    "barista": { "id": "529f0333-7ae2-482b-9d4e-b62b30d5b5b5", "displayMedia": "" }
  },
  "sinAzucar": {
    "id": "fb931614-0331-408f-ba81-5be88eae8e5a",
    "coffeeShop": {
      "id": "fb931614-0331-408f-ba81-5be88eae8e5a",
      "displayValue": "Sin Azucar",
      "displayMedia": { "type": "text", "value": "Sin Azucar" }
    },
    "timestamp": { "id": "33a31b40-1246-448f-972e-883a54444e32", "displayValue": 1623247503734 },
    "displayValue::coffeeShop": {
      "id": "fb931614-0331-408f-ba81-5be88eae8e5a",
      "displayValue": "Sin Azucar"
    },
    "coffee": { "id": "80fa6230-a4ae-4b29-b241-d19b2be11686", "displayMedia": "" },
    "customer": { "id": "e0c67e8b-8d56-4355-bf04-29a77a8ba088", "displayMedia": "" },
    "monthlyBrandingColor": {
      "id": "f5dfd8cc-bc19-4101-bc1a-f7f64a6a9848",
      "displayMedia": "",
      "displayValue": "rgba(0,246,93,0.58)"
    },
    "previousBrandingColors": [
      { "displayValue": "rgba(242,224,102,0.11)", "id": "a804b73a-489f-4c61-85b1-e5da36748c64" },
      { "displayValue": "rgba(65,31,241,0.22)", "id": "a804b73a-489f-4c61-85b1-e5da36748c64" },
      { "displayValue": "rgba(83,9,157,0.97)", "id": "a804b73a-489f-4c61-85b1-e5da36748c64" },
      { "displayValue": "rgba(71,140,243,0.11)", "id": "a804b73a-489f-4c61-85b1-e5da36748c64" },
      { "displayValue": "rgba(94,144,37,0.1)", "id": "a804b73a-489f-4c61-85b1-e5da36748c64" },
      { "displayValue": "rgba(195,186,185,0.46)", "id": "a804b73a-489f-4c61-85b1-e5da36748c64" },
      { "displayValue": "rgba(225,123,241,1)", "id": "a804b73a-489f-4c61-85b1-e5da36748c64" },
      { "displayValue": "rgba(169,187,212,0.38)", "id": "a804b73a-489f-4c61-85b1-e5da36748c64" },
      { "displayValue": "rgba(221,218,224,0.83)", "id": "a804b73a-489f-4c61-85b1-e5da36748c64" },
      { "displayValue": "rgba(201,6,204,0.16)", "id": "a804b73a-489f-4c61-85b1-e5da36748c64" },
      { "displayValue": "rgba(84,204,231,0.72)", "id": "a804b73a-489f-4c61-85b1-e5da36748c64" },
      { "displayValue": "rgba(205,80,57,0.51)", "id": "a804b73a-489f-4c61-85b1-e5da36748c64" },
      { "displayValue": "rgba(186,195,62,0.14)", "id": "a804b73a-489f-4c61-85b1-e5da36748c64" },
      { "displayValue": "rgba(104,0,18,0.99)", "id": "a804b73a-489f-4c61-85b1-e5da36748c64" },
      { "displayValue": "rgba(81,208,64,0.3)", "id": "a804b73a-489f-4c61-85b1-e5da36748c64" },
      { "displayValue": "rgba(254,216,21,0.13)", "id": "a804b73a-489f-4c61-85b1-e5da36748c64" },
      { "displayValue": "rgba(107,57,94,0.33)", "id": "a804b73a-489f-4c61-85b1-e5da36748c64" },
      { "displayValue": "rgba(169,42,225,0.09)", "id": "a804b73a-489f-4c61-85b1-e5da36748c64" },
      { "displayValue": "rgba(145,41,26,0.86)", "id": "a804b73a-489f-4c61-85b1-e5da36748c64" },
      { "displayValue": "rgba(229,143,50,0.91)", "id": "a804b73a-489f-4c61-85b1-e5da36748c64" }
    ],
    "squareFootage": { "id": "edbc02be-1423-4870-b720-981b8738d7ab", "displayValue": 1455.0318960100412 },
    "description": {
      "id": "aac64b64-5e6e-4395-a6dd-943e6a2771bb",
      "displayMedia": "",
      "displayValue": "Qui nam tempora voluptatem deserunt odio ex. Quo modi dolorum maiores velit. Quam id aut."
    },
    "userWrittenReviews": { "id": "15cb0473-e7d1-435b-be95-b6bd05f43896", "displayMedia": "" },
    "marketValue": { "id": "09abe778-7045-41c8-9d1b-c1f80e5748d1", "displayMedia": "", "displayValue": 3 },
    "reviewLevel": { "id": "1da86c2a-9e23-4cb1-b3ff-032e84b73b9a", "displayMedia": "" },
    "coffeeQuality": {
      "id": "fa53894b-3420-471d-a961-66d9f647033d",
      "displayMedia": {
        "type": "svg",
        "value": "https://raw.githubusercontent.com/KLEEEN-SOFTWARE/Kleeen-svgs/main/assets/severity-levels-svgs/severity-level-3of4.svg"
      },
      "displayValue": "OK"
    },
    "userReview": { "id": "3ee47dd1-ac1a-4321-ab0c-a458385897ed", "displayMedia": "" },
    "managerReview": { "id": "3017fb6d-60ff-425f-8725-8c9f1d51fb80", "displayMedia": "", "displayValue": 3 },
    "reviewScore": { "id": "075aea9a-b7a2-4cea-a72f-87ad6f212bfd", "displayMedia": "" },
    "occupationPercent": {
      "id": "8a0e10d2-7916-4781-b289-45c33ab39954",
      "displayMedia": "",
      "displayValue": 32
    },
    "efficiencyPercent": { "id": "792aeedf-63ac-4a3d-8537-9d5627fe21f2", "displayMedia": "" },
    "inauguration": {
      "id": "1ecdcae2-fa2c-4fac-920d-23cda8ffa2bd",
      "displayMedia": "",
      "displayValue": 1630915133995
    },
    "importantEvent": { "id": "08ad8aee-7ec6-46a7-aaa9-7af5f6ad4e4b", "displayMedia": "" },
    "isOpen": { "id": "8b1f0896-3f9e-40d8-a0b2-33ad4ecabbaa", "displayMedia": "", "displayValue": false },
    "yearlyIncome": { "displayValue": 5 },
    "menu": { "id": "f237933b-fffb-4226-96da-fc12faabf6cb", "displayMedia": "", "displayValue": 721 },
    "table": { "displayValue": 83 },
    "server": [
      { "displayValue": "Lenny", "id": "9ca5c1bb-d3e6-47e0-809e-12258b34233e" },
      { "displayValue": "Liliane", "id": "9ca5c1bb-d3e6-47e0-809e-12258b34233e" },
      { "displayValue": "Lesley", "id": "9ca5c1bb-d3e6-47e0-809e-12258b34233e" },
      { "displayValue": "Oleta", "id": "9ca5c1bb-d3e6-47e0-809e-12258b34233e" },
      { "displayValue": "Aaron", "id": "9ca5c1bb-d3e6-47e0-809e-12258b34233e" },
      { "displayValue": "Rudy", "id": "9ca5c1bb-d3e6-47e0-809e-12258b34233e" },
      { "displayValue": "Moriah", "id": "9ca5c1bb-d3e6-47e0-809e-12258b34233e" },
      { "displayValue": "Brennon", "id": "9ca5c1bb-d3e6-47e0-809e-12258b34233e" },
      { "displayValue": "Cordie", "id": "9ca5c1bb-d3e6-47e0-809e-12258b34233e" },
      { "displayValue": "Raoul", "id": "9ca5c1bb-d3e6-47e0-809e-12258b34233e" },
      { "displayValue": "Ian", "id": "9ca5c1bb-d3e6-47e0-809e-12258b34233e" },
      { "displayValue": "Jackie", "id": "9ca5c1bb-d3e6-47e0-809e-12258b34233e" },
      { "displayValue": "Petra", "id": "9ca5c1bb-d3e6-47e0-809e-12258b34233e" },
      { "displayValue": "Columbus", "id": "9ca5c1bb-d3e6-47e0-809e-12258b34233e" },
      { "displayValue": "Abbigail", "id": "9ca5c1bb-d3e6-47e0-809e-12258b34233e" },
      { "displayValue": "Imani", "id": "9ca5c1bb-d3e6-47e0-809e-12258b34233e" },
      { "displayValue": "Ramon", "id": "9ca5c1bb-d3e6-47e0-809e-12258b34233e" },
      { "displayValue": "Bill", "id": "9ca5c1bb-d3e6-47e0-809e-12258b34233e" },
      { "displayValue": "Ron", "id": "9ca5c1bb-d3e6-47e0-809e-12258b34233e" },
      { "displayValue": "Randal", "id": "9ca5c1bb-d3e6-47e0-809e-12258b34233e" }
    ],
    "barista": { "id": "57122ea9-d4b3-4111-bdcd-40af5e48aa05", "displayMedia": "" }
  },
  "tripleCafeConLeche": {
    "id": "64d46ade-d65f-4a5b-925c-f7c11ded7955",
    "coffeeShop": {
      "id": "64d46ade-d65f-4a5b-925c-f7c11ded7955",
      "displayValue": "Triple Cafe con Leche",
      "displayMedia": { "type": "text", "value": "Triple Cafe con Leche" }
    },
    "timestamp": { "id": "33a31b40-1246-11wf-972e-883a54649e32", "displayValue": 1622455911543 },
    "displayValue::coffeeShop": {
      "id": "64d46ade-d65f-4a5b-925c-f7c11ded7955",
      "displayValue": "Triple Cafe con Leche"
    },
    "coffee": { "id": "47c67919-b4de-4d2a-908b-e8288cac1068", "displayMedia": "" },
    "customer": { "id": "bce9fd15-2443-4719-9dcb-794e7245080a", "displayMedia": "" },
    "monthlyBrandingColor": {
      "id": "496514ef-f981-450f-8570-f6f1381b2dcc",
      "displayMedia": "",
      "displayValue": "rgba(42,31,118,0.37)"
    },
    "previousBrandingColors": [
      { "displayValue": "rgba(187,238,192,0.51)", "id": "14c8ea17-9764-4e68-85ac-5bbb27a7b724" },
      { "displayValue": "rgba(85,146,105,0.07)", "id": "14c8ea17-9764-4e68-85ac-5bbb27a7b724" },
      { "displayValue": "rgba(116,229,76,0.71)", "id": "14c8ea17-9764-4e68-85ac-5bbb27a7b724" },
      { "displayValue": "rgba(55,144,123,0.85)", "id": "14c8ea17-9764-4e68-85ac-5bbb27a7b724" },
      { "displayValue": "rgba(189,32,191,0.24)", "id": "14c8ea17-9764-4e68-85ac-5bbb27a7b724" },
      { "displayValue": "rgba(5,130,61,0.6)", "id": "14c8ea17-9764-4e68-85ac-5bbb27a7b724" },
      { "displayValue": "rgba(50,225,67,0.26)", "id": "14c8ea17-9764-4e68-85ac-5bbb27a7b724" },
      { "displayValue": "rgba(108,245,106,0.99)", "id": "14c8ea17-9764-4e68-85ac-5bbb27a7b724" },
      { "displayValue": "rgba(109,70,96,0.96)", "id": "14c8ea17-9764-4e68-85ac-5bbb27a7b724" },
      { "displayValue": "rgba(202,230,131,0.2)", "id": "14c8ea17-9764-4e68-85ac-5bbb27a7b724" },
      { "displayValue": "rgba(182,81,75,0.47)", "id": "14c8ea17-9764-4e68-85ac-5bbb27a7b724" },
      { "displayValue": "rgba(231,100,37,0.69)", "id": "14c8ea17-9764-4e68-85ac-5bbb27a7b724" },
      { "displayValue": "rgba(202,129,10,0.8)", "id": "14c8ea17-9764-4e68-85ac-5bbb27a7b724" },
      { "displayValue": "rgba(46,25,153,0.06)", "id": "14c8ea17-9764-4e68-85ac-5bbb27a7b724" },
      { "displayValue": "rgba(157,121,238,0.71)", "id": "14c8ea17-9764-4e68-85ac-5bbb27a7b724" },
      { "displayValue": "rgba(110,76,8,0.73)", "id": "14c8ea17-9764-4e68-85ac-5bbb27a7b724" },
      { "displayValue": "rgba(120,197,69,0.73)", "id": "14c8ea17-9764-4e68-85ac-5bbb27a7b724" },
      { "displayValue": "rgba(247,243,189,0.31)", "id": "14c8ea17-9764-4e68-85ac-5bbb27a7b724" },
      { "displayValue": "rgba(222,221,27,0.57)", "id": "14c8ea17-9764-4e68-85ac-5bbb27a7b724" },
      { "displayValue": "rgba(202,172,22,0.79)", "id": "14c8ea17-9764-4e68-85ac-5bbb27a7b724" }
    ],
    "squareFootage": { "id": "a80c9932-195f-482c-a336-b8d6f41fb06a", "displayValue": 2280.5979965487495 },
    "description": {
      "id": "faf7baea-2546-4ecb-af78-4201c5b3e9e6",
      "displayMedia": "",
      "displayValue": "Ut et commodi fugit soluta. Reprehenderit dolores architecto quam temporibus vero. Iusto voluptatibus et quibusdam quia aliquid commodi voluptatem porro."
    },
    "userWrittenReviews": { "id": "704c9812-f480-442f-a142-c6cb0b2aa0c0", "displayMedia": "" },
    "marketValue": { "id": "c2b0866b-3376-4b3f-b312-6f9ad88f6ab9", "displayMedia": "", "displayValue": 88 },
    "reviewLevel": { "id": "d8476712-60bb-409e-a06d-b40c27d53d17", "displayMedia": "" },
    "coffeeQuality": {
      "id": "8fad6f09-0a51-4d5a-aea6-89005494b7b6",
      "displayMedia": {
        "type": "svg",
        "value": "https://raw.githubusercontent.com/KLEEEN-SOFTWARE/Kleeen-svgs/main/assets/severity-levels-svgs/severity-level-3of4.svg"
      },
      "displayValue": "OK"
    },
    "userReview": { "id": "dc935595-7d4b-4c6a-8ae2-9a7797f70230", "displayMedia": "" },
    "managerReview": { "id": "01b3fca1-dd7a-4a71-a8c7-c6d55adbc9db", "displayMedia": "", "displayValue": 18 },
    "reviewScore": { "id": "36c50d64-a0ab-415f-bcd2-5fc531f4a156", "displayMedia": "" },
    "occupationPercent": {
      "id": "ef0b82d5-9742-44d8-a087-9e2b45871c47",
      "displayMedia": "",
      "displayValue": 40
    },
    "efficiencyPercent": { "id": "d4ff5204-9f9c-4529-90ec-d6f01d4031f5", "displayMedia": "" },
    "inauguration": {
      "id": "113a855b-082f-4c26-a8fb-f0d39ac18dd3",
      "displayMedia": "",
      "displayValue": 1624501396754
    },
    "importantEvent": { "id": "21fbe1c9-3bf9-47f7-9f01-dbb582ee5221", "displayMedia": "" },
    "isOpen": { "id": "fb2fa524-eb49-4b40-a1fe-d4e4562069f4", "displayMedia": "", "displayValue": true },
    "yearlyIncome": { "displayValue": 95 },
    "menu": { "id": "6a2cf807-8f79-4b65-938e-8f9e1542b0bd", "displayMedia": "", "displayValue": 829 },
    "table": { "displayValue": 188 },
    "server": [
      { "displayValue": "Kamren", "id": "a77fd16d-362b-4e97-a745-c8bfcacaca6a" },
      { "displayValue": "Skyla", "id": "a77fd16d-362b-4e97-a745-c8bfcacaca6a" },
      { "displayValue": "Nikko", "id": "a77fd16d-362b-4e97-a745-c8bfcacaca6a" },
      { "displayValue": "Catalina", "id": "a77fd16d-362b-4e97-a745-c8bfcacaca6a" },
      { "displayValue": "Carolanne", "id": "a77fd16d-362b-4e97-a745-c8bfcacaca6a" },
      { "displayValue": "Maureen", "id": "a77fd16d-362b-4e97-a745-c8bfcacaca6a" },
      { "displayValue": "Adela", "id": "a77fd16d-362b-4e97-a745-c8bfcacaca6a" },
      { "displayValue": "Reva", "id": "a77fd16d-362b-4e97-a745-c8bfcacaca6a" },
      { "displayValue": "Maiya", "id": "a77fd16d-362b-4e97-a745-c8bfcacaca6a" },
      { "displayValue": "Abner", "id": "a77fd16d-362b-4e97-a745-c8bfcacaca6a" },
      { "displayValue": "Warren", "id": "a77fd16d-362b-4e97-a745-c8bfcacaca6a" },
      { "displayValue": "Anastacio", "id": "a77fd16d-362b-4e97-a745-c8bfcacaca6a" },
      { "displayValue": "Cale", "id": "a77fd16d-362b-4e97-a745-c8bfcacaca6a" },
      { "displayValue": "Amelia", "id": "a77fd16d-362b-4e97-a745-c8bfcacaca6a" },
      { "displayValue": "Terence", "id": "a77fd16d-362b-4e97-a745-c8bfcacaca6a" },
      { "displayValue": "Davonte", "id": "a77fd16d-362b-4e97-a745-c8bfcacaca6a" },
      { "displayValue": "Hazle", "id": "a77fd16d-362b-4e97-a745-c8bfcacaca6a" },
      { "displayValue": "Belle", "id": "a77fd16d-362b-4e97-a745-c8bfcacaca6a" },
      { "displayValue": "Webster", "id": "a77fd16d-362b-4e97-a745-c8bfcacaca6a" },
      { "displayValue": "Marlin", "id": "a77fd16d-362b-4e97-a745-c8bfcacaca6a" }
    ],
    "barista": { "id": "662a4f46-20ba-4bb3-9c15-d5ac5717e501", "displayMedia": "" }
  }
}
