{
  "capuchinoFeliz": {
    "id": "7ec2f25e-fa6a-499c-acab-b182bb76c1f3",
    "displayValue": "Capuchino Feliz",
    "coffee": [
      { "displayValue": "Arabic" },
      { "displayValue": "Tropical" },
      { "displayValue": "Blend" },
      { "displayValue": "Yemen" },
      { "displayValue": "Nordic" },
      { "displayValue": "Brazilian" },
      { "displayValue": "Arabic" },
      { "displayValue": "Tropical" },
      { "displayValue": "Blend" },
      { "displayValue": "Yemen" },
      { "displayValue": "Nordic" },
      { "displayValue": "Brazilian" },
      { "displayValue": "Arabic" },
      { "displayValue": "Tropical" },
      { "displayValue": "Blend" },
      { "displayValue": "Yemen" },
      { "displayValue": "Nordic" },
      { "displayValue": "Brazilian" },
      { "displayValue": "Arabic" },
      { "displayValue": "Tropical" }
    ],
    "customer": [
      { "displayValue": "Jonathan" },
      { "displayValue": "Kayli" },
      { "displayValue": "Elisha" },
      { "displayValue": "Lilly" },
      { "displayValue": "Melody" },
      { "displayValue": "Katrina" },
      { "displayValue": "Albin" },
      { "displayValue": "Jillian" },
      { "displayValue": "Milton" },
      { "displayValue": "Yolanda" },
      { "displayValue": "Alford" },
      { "displayValue": "Hipolito" },
      { "displayValue": "Myrtie" },
      { "displayValue": "Taryn" },
      { "displayValue": "Lulu" },
      { "displayValue": "Shad" },
      { "displayValue": "Lamont" },
      { "displayValue": "Marlin" },
      { "displayValue": "Gennaro" },
      { "displayValue": "Kelvin" }
    ],
    "monthlyBrandingColor": { "displayValue": "rgba(188,229,78,0.65)" },
    "previousBrandingColors": [
      { "displayValue": "rgba(195,160,96,0.05)" },
      { "displayValue": "rgba(61,109,133,0.35)" },
      { "displayValue": "rgba(238,117,109,0.05)" },
      { "displayValue": "rgba(10,156,245,0.98)" },
      { "displayValue": "rgba(112,18,123,0.97)" },
      { "displayValue": "rgba(196,105,250,0.05)" },
      { "displayValue": "rgba(208,32,3,0.24)" },
      { "displayValue": "rgba(8,65,62,0.79)" },
      { "displayValue": "rgba(120,40,149,0.89)" },
      { "displayValue": "rgba(247,116,111,0.62)" },
      { "displayValue": "rgba(154,243,138,0.91)" },
      { "displayValue": "rgba(145,61,249,0.2)" },
      { "displayValue": "rgba(153,113,253,0.69)" },
      { "displayValue": "rgba(168,120,79,0.28)" },
      { "displayValue": "rgba(94,187,43,0.4)" },
      { "displayValue": "rgba(75,248,244,0.58)" },
      { "displayValue": "rgba(248,1,123,0.21)" },
      { "displayValue": "rgba(108,167,64,0.7)" },
      { "displayValue": "rgba(246,236,65,0.18)" },
      { "displayValue": "rgba(167,11,32,0.48)" }
    ],
    "squareFootage": { "displayValue": 2279.6336411265656 },
    "description": {
      "displayValue": "Natus distinctio et et. Placeat libero adipisci quis voluptatem similique iure. Quod eum aliquam sunt."
    },
    "userWrittenReviews": [
      {
        "displayValue": "Nihil quae itaque quasi. Ratione saepe occaecati molestiae est. Voluptate porro non repellat et aliquam. Dolores saepe ad aliquam."
      },
      {
        "displayValue": "Eum eos architecto temporibus fugiat repellendus commodi. Cum temporibus temporibus aliquam dolores. Consequatur iure deleniti. Amet et non sed fuga quos. Fuga ullam dolore vitae minus soluta laudantium est commodi."
      },
      {
        "displayValue": "Sed sapiente sit et dolore similique voluptatem et. Sit omnis quia repellat et eveniet. Corporis tempore sit sed qui assumenda nulla magni enim reprehenderit. Qui enim consequatur est neque."
      },
      {
        "displayValue": "Occaecati vero tenetur omnis aliquam labore ut doloremque reprehenderit exercitationem. Consequuntur voluptatum enim sint mollitia aut minima. Neque perspiciatis ut quo id sit cumque quam."
      },
      {
        "displayValue": "Voluptatem cupiditate modi culpa delectus ab voluptates et. Neque quas eum labore ut. Pariatur aperiam aut tempora adipisci neque labore omnis qui. Nisi magni accusamus eaque voluptatem laborum aut iure eveniet."
      },
      {
        "displayValue": "Voluptate fugiat in. Quo aut illo officia. Quod ullam doloribus in mollitia iste porro placeat at. Ut qui sequi iusto quas hic."
      },
      {
        "displayValue": "Unde expedita molestiae sed aut suscipit. Consequuntur culpa saepe ea et aut beatae tenetur. Est et voluptates eum adipisci rerum ea et. Maiores aut perspiciatis officiis sint optio ipsam ut suscipit."
      },
      {
        "displayValue": "Quas assumenda velit aliquid et. Officiis eum amet nesciunt commodi debitis. Qui neque suscipit aperiam repudiandae mollitia inventore. Facilis qui sit ea nisi minima tempore impedit asperiores."
      },
      {
        "displayValue": "Animi iusto vel velit sint dolor natus cum ut. Suscipit praesentium quisquam quam beatae delectus facilis. Voluptas autem et dolores commodi aut."
      },
      {
        "displayValue": "Illum ratione rerum rerum. Adipisci et consequatur quia. Magnam quo nihil ullam accusantium aut. Est nulla nostrum."
      },
      {
        "displayValue": "Quis ipsa dolorem ullam. Eos sequi repellendus sunt quo molestiae dolore. Tempore suscipit id minus. Et et quam quibusdam dolorum laudantium."
      },
      {
        "displayValue": "Repellat iure repudiandae asperiores quas. Dolor ut quo sint et error voluptas voluptatibus. Maiores facilis velit officiis sed nemo inventore voluptatem et. Minima aliquam possimus alias veniam molestiae sit quis. Laborum sequi rerum consequatur sit quia maiores."
      },
      {
        "displayValue": "Laborum harum harum est repudiandae. Aliquam culpa fugit delectus. Et hic fugit vitae molestiae dicta."
      },
      { "displayValue": "Aliquid sit eum dignissimos. Soluta quo error sequi." },
      { "displayValue": "Quidem aut non ut expedita quidem. Laudantium necessitatibus amet amet." },
      {
        "displayValue": "Suscipit facilis rerum qui porro. Explicabo rem earum ipsum nihil et aspernatur ducimus provident et."
      },
      {
        "displayValue": "Blanditiis esse modi ab est harum. Reprehenderit eaque debitis. Maiores explicabo porro. Sed doloremque quia dolorem blanditiis voluptatem."
      },
      {
        "displayValue": "Quia rerum ab nulla dolore soluta necessitatibus itaque quia. Excepturi ut ut magni rem neque ut aspernatur consequatur. Ut rerum assumenda voluptate quia. Deserunt voluptas ducimus dolorem maiores. Suscipit quaerat voluptate velit consequuntur sit aspernatur."
      },
      {
        "displayValue": "Ad natus optio tempora omnis. Commodi quis vel cum. Vitae modi id et reiciendis. Odit qui quaerat."
      },
      {
        "displayValue": "Modi eligendi aliquam unde mollitia libero maxime. Sunt aspernatur aut minima praesentium quo unde explicabo. Similique labore magnam provident ut incidunt voluptate ut pariatur."
      }
    ],
    "marketValue": { "displayValue": 31 },
    "reviewLevel": [
      { "displayValue": "Terrible" },
      { "displayValue": "Bad" },
      { "displayValue": "Neutral" },
      { "displayValue": "Good" },
      { "displayValue": "Excellent" },
      { "displayValue": "Terrible" },
      { "displayValue": "Bad" },
      { "displayValue": "Neutral" },
      { "displayValue": "Good" },
      { "displayValue": "Excellent" },
      { "displayValue": "Terrible" },
      { "displayValue": "Bad" },
      { "displayValue": "Neutral" },
      { "displayValue": "Good" },
      { "displayValue": "Excellent" },
      { "displayValue": "Terrible" },
      { "displayValue": "Bad" },
      { "displayValue": "Neutral" },
      { "displayValue": "Good" },
      { "displayValue": "Excellent" }
    ],
    "coffeeQuality": { "displayValue": "Gross" },
    "userReview": [
      { "displayValue": 27 },
      { "displayValue": 37 },
      { "displayValue": 92 },
      { "displayValue": 19 },
      { "displayValue": 51 },
      { "displayValue": 99 },
      { "displayValue": 24 },
      { "displayValue": 53 },
      { "displayValue": 87 },
      { "displayValue": 14 },
      { "displayValue": 66 },
      { "displayValue": 74 },
      { "displayValue": 20 },
      { "displayValue": 65 },
      { "displayValue": 68 },
      { "displayValue": 8 },
      { "displayValue": 59 },
      { "displayValue": 82 },
      { "displayValue": 1 },
      { "displayValue": 57 }
    ],
    "managerReview": { "displayValue": 4 },
    "reviewScore": [
      { "displayValue": 2.2461049910634756 },
      { "displayValue": 4.193739155307412 },
      { "displayValue": -9.915895471349359 },
      { "displayValue": 9.26987131126225 },
      { "displayValue": 9.445016561076045 },
      { "displayValue": -2.3312496999278665 },
      { "displayValue": 4.182800962589681 },
      { "displayValue": 9.192078560590744 },
      { "displayValue": 0.1174302026629448 },
      { "displayValue": -9.134332025423646 },
      { "displayValue": 8.928580582141876 },
      { "displayValue": -0.08155723102390766 },
      { "displayValue": -0.558581817895174 },
      { "displayValue": 0.6128637865185738 },
      { "displayValue": 8.118717051111162 },
      { "displayValue": 6.436495571397245 },
      { "displayValue": 8.910549702122808 },
      { "displayValue": 5.513424929231405 },
      { "displayValue": 5.649852980859578 },
      { "displayValue": 0.168510596267879 }
    ],
    "occupationPercent": { "displayValue": 66 },
    "efficiencyPercent": [
      { "displayValue": 78 },
      { "displayValue": 8 },
      { "displayValue": 19 },
      { "displayValue": 62 },
      { "displayValue": 77 },
      { "displayValue": 42 },
      { "displayValue": 46 },
      { "displayValue": 98 },
      { "displayValue": 89 },
      { "displayValue": 41 },
      { "displayValue": 94 },
      { "displayValue": 86 },
      { "displayValue": 29 },
      { "displayValue": 56 },
      { "displayValue": 16 },
      { "displayValue": 29 },
      { "displayValue": 75 },
      { "displayValue": 53 },
      { "displayValue": 64 },
      { "displayValue": 32 }
    ],
    "inauguration": { "displayValue": 1623130112150 },
    "importantEvent": [
      { "displayValue": 1631961521504 },
      { "displayValue": 1632306041352 },
      { "displayValue": 1626468570723 },
      { "displayValue": 1625940952510 },
      { "displayValue": 1626381616693 },
      { "displayValue": 1632033815881 },
      { "displayValue": 1623988753525 },
      { "displayValue": 1628701512689 },
      { "displayValue": 1625216906683 },
      { "displayValue": 1627180664623 },
      { "displayValue": 1626397142316 },
      { "displayValue": 1630690046388 },
      { "displayValue": 1623576350589 },
      { "displayValue": 1625096996596 },
      { "displayValue": 1631860940840 },
      { "displayValue": 1623252763463 },
      { "displayValue": 1631122628341 },
      { "displayValue": 1631680149479 },
      { "displayValue": 1626233072318 },
      { "displayValue": 1629280166409 }
    ],
    "isOpen": { "displayValue": true },
    "yearlyIncome": [
      { "displayValue": 89 },
      { "displayValue": 4 },
      { "displayValue": 79 },
      { "displayValue": 18 },
      { "displayValue": 62 },
      { "displayValue": 50 },
      { "displayValue": 57 },
      { "displayValue": 45 },
      { "displayValue": 76 },
      { "displayValue": 10 },
      { "displayValue": 42 },
      { "displayValue": 62 },
      { "displayValue": 62 },
      { "displayValue": 49 },
      { "displayValue": 61 },
      { "displayValue": 43 },
      { "displayValue": 95 },
      { "displayValue": 11 },
      { "displayValue": 86 },
      { "displayValue": 91 }
    ],
    "menu": { "displayValue": -997 },
    "table": [
      { "displayValue": 197 },
      { "displayValue": -541 },
      { "displayValue": 772 },
      { "displayValue": 662 },
      { "displayValue": 437 },
      { "displayValue": -319 },
      { "displayValue": -982 },
      { "displayValue": -439 },
      { "displayValue": 979 },
      { "displayValue": 160 },
      { "displayValue": -344 },
      { "displayValue": -27 },
      { "displayValue": -32 },
      { "displayValue": 105 },
      { "displayValue": -772 },
      { "displayValue": 260 },
      { "displayValue": 42 },
      { "displayValue": 791 },
      { "displayValue": -319 },
      { "displayValue": 285 }
    ],
    "server": [
      { "displayValue": "Lorenz" },
      { "displayValue": "June" },
      { "displayValue": "Treva" },
      { "displayValue": "Orville" },
      { "displayValue": "Rolando" },
      { "displayValue": "Glenda" },
      { "displayValue": "Cornelius" },
      { "displayValue": "Ed" },
      { "displayValue": "Rosalia" },
      { "displayValue": "Haskell" },
      { "displayValue": "Mylene" },
      { "displayValue": "Hassie" },
      { "displayValue": "Darion" },
      { "displayValue": "Maurice" },
      { "displayValue": "Rylan" },
      { "displayValue": "Naomie" },
      { "displayValue": "Guillermo" },
      { "displayValue": "Cleveland" },
      { "displayValue": "Ethelyn" },
      { "displayValue": "Jarvis" }
    ],
    "barista": [
      { "displayValue": "Joelle" },
      { "displayValue": "Randal" },
      { "displayValue": "Della" },
      { "displayValue": "Lazaro" },
      { "displayValue": "Lorenz" },
      { "displayValue": "Ellen" },
      { "displayValue": "Alvera" },
      { "displayValue": "Kylee" },
      { "displayValue": "Bruce" },
      { "displayValue": "Jackeline" },
      { "displayValue": "Clementina" },
      { "displayValue": "Kailey" },
      { "displayValue": "Lillie" },
      { "displayValue": "Cayla" },
      { "displayValue": "Anastacio" },
      { "displayValue": "Elliot" },
      { "displayValue": "Valentin" },
      { "displayValue": "Virginie" },
      { "displayValue": "Amir" },
      { "displayValue": "Mohamed" }
    ]
  },
  "tripleCafeConLeche": {
    "id": "20e071c1-a5ab-437d-9742-5f84f0445f66",
    "displayValue": "Triple Cafe con Leche",
    "coffee": [
      { "displayValue": "Nordic" },
      { "displayValue": "Brazilian" },
      { "displayValue": "Arabic" },
      { "displayValue": "Tropical" },
      { "displayValue": "Blend" },
      { "displayValue": "Yemen" },
      { "displayValue": "Nordic" },
      { "displayValue": "Brazilian" },
      { "displayValue": "Arabic" },
      { "displayValue": "Tropical" },
      { "displayValue": "Blend" },
      { "displayValue": "Yemen" },
      { "displayValue": "Nordic" },
      { "displayValue": "Brazilian" },
      { "displayValue": "Arabic" },
      { "displayValue": "Tropical" },
      { "displayValue": "Blend" },
      { "displayValue": "Yemen" },
      { "displayValue": "Nordic" },
      { "displayValue": "Brazilian" }
    ],
    "customer": [
      { "displayValue": "Edison" },
      { "displayValue": "Wilbert" },
      { "displayValue": "Tyree" },
      { "displayValue": "Marie" },
      { "displayValue": "Manuela" },
      { "displayValue": "Norma" },
      { "displayValue": "Verna" },
      { "displayValue": "Kenton" },
      { "displayValue": "Lenna" },
      { "displayValue": "Joshuah" },
      { "displayValue": "Frederik" },
      { "displayValue": "Amalia" },
      { "displayValue": "Zella" },
      { "displayValue": "Joanie" },
      { "displayValue": "Jovani" },
      { "displayValue": "Maxwell" },
      { "displayValue": "Ron" },
      { "displayValue": "Annette" },
      { "displayValue": "Kameron" },
      { "displayValue": "Christelle" }
    ],
    "monthlyBrandingColor": { "displayValue": "rgba(41,100,41,0.77)" },
    "previousBrandingColors": [
      { "displayValue": "rgba(191,79,239,0.31)" },
      { "displayValue": "rgba(7,153,76,0.43)" },
      { "displayValue": "rgba(60,69,252,0.15)" },
      { "displayValue": "rgba(215,210,247,0.21)" },
      { "displayValue": "rgba(76,40,111,0)" },
      { "displayValue": "rgba(146,122,41,0.26)" },
      { "displayValue": "rgba(171,150,176,0.12)" },
      { "displayValue": "rgba(186,203,195,0.88)" },
      { "displayValue": "rgba(172,78,97,0.77)" },
      { "displayValue": "rgba(204,147,89,0.13)" },
      { "displayValue": "rgba(172,150,254,0.89)" },
      { "displayValue": "rgba(56,84,161,0.71)" },
      { "displayValue": "rgba(123,201,178,0.25)" },
      { "displayValue": "rgba(98,49,26,0.59)" },
      { "displayValue": "rgba(15,194,127,0.19)" },
      { "displayValue": "rgba(83,28,23,0.87)" },
      { "displayValue": "rgba(145,57,121,0.22)" },
      { "displayValue": "rgba(72,206,125,0.59)" },
      { "displayValue": "rgba(196,13,209,0.2)" },
      { "displayValue": "rgba(107,249,173,0.42)" }
    ],
    "squareFootage": { "displayValue": 2716.9111034600064 },
    "description": {
      "displayValue": "Magni repellendus ex adipisci consequatur quasi dolorem doloremque labore. Qui minima saepe in recusandae unde placeat."
    },
    "userWrittenReviews": [
      {
        "displayValue": "Ut ut ea earum quis voluptatum possimus sunt ipsam. Quia ut occaecati mollitia impedit voluptatum exercitationem iure dolores. Saepe possimus rerum."
      },
      {
        "displayValue": "Et aut illum voluptatem ut doloribus ea eum consequatur. Corporis quidem odio sunt. Aliquam voluptates et soluta voluptatem recusandae quis. Sit fuga maiores ipsam non sed nihil."
      },
      {
        "displayValue": "Ullam aspernatur vel quis aut nihil itaque. Minus architecto et sunt. Possimus qui omnis nesciunt dolorem qui nihil. Unde atque ut eum hic numquam. Distinctio sunt iusto fugit dolores."
      },
      {
        "displayValue": "Tempora doloribus excepturi saepe odio odio quod similique. Quos animi ex velit expedita velit perferendis. Sit enim quia similique impedit omnis vel."
      },
      {
        "displayValue": "Qui sit fuga rerum at excepturi voluptatibus explicabo. Assumenda corporis ipsum et ipsa consequuntur. Id consectetur optio omnis vel et nisi magnam. Nulla quae sed."
      },
      {
        "displayValue": "Ad beatae quia quis. Iste eos corrupti molestias aperiam mollitia eaque exercitationem a. Debitis nemo fugit corporis. Possimus accusamus similique accusantium qui iusto distinctio."
      },
      {
        "displayValue": "Et soluta necessitatibus delectus mollitia eum. Minus facere cupiditate earum quia eum saepe neque reprehenderit."
      },
      {
        "displayValue": "Provident neque voluptates corporis fugit error aut est omnis. Est ullam placeat consequatur aliquam doloribus iste aliquam quasi. Delectus molestiae totam ut accusamus error."
      },
      {
        "displayValue": "Qui est ex necessitatibus illum soluta corporis sed ut. Odio ratione labore quis itaque velit quo aut laboriosam. Voluptatum minima est cum."
      },
      {
        "displayValue": "Sit quos voluptates nisi neque incidunt molestias non enim. Est dolor est neque dolor unde. Deserunt earum unde modi veritatis iste."
      },
      {
        "displayValue": "Voluptatem totam quae reprehenderit. Tempore natus minima sint laborum molestiae dolore harum. Ut odio rerum et officia facilis consequatur sed inventore et. Velit est quia doloribus. Corporis architecto illum libero nulla nihil a."
      },
      {
        "displayValue": "Omnis porro dolores voluptas vel et. Animi autem atque similique. Ex laudantium esse voluptatem quisquam quis. Velit excepturi blanditiis est omnis ut quo necessitatibus. Tenetur maxime soluta sit non nesciunt vitae ex atque."
      },
      {
        "displayValue": "Fugit cupiditate sunt dignissimos voluptates at eum ipsum. Et qui eos quidem laudantium repudiandae. Illum error est excepturi est expedita fugiat. Et ducimus harum facilis quibusdam enim et omnis repellendus."
      },
      {
        "displayValue": "Error iusto et omnis id ut ipsum. Qui ea non facilis voluptas. Qui facilis quos. Voluptas eum magnam nobis temporibus totam et blanditiis voluptatem."
      },
      {
        "displayValue": "Consequatur quibusdam mollitia tempora vero non ea natus. Velit quia quae dolor harum architecto. Et in rerum ut iusto distinctio optio sed sequi. Nisi asperiores quis et quod."
      },
      {
        "displayValue": "Aliquam eum necessitatibus est molestiae eius. Dolorem temporibus numquam autem reiciendis. Voluptas perferendis aut recusandae omnis nulla. Et vero libero modi exercitationem."
      },
      {
        "displayValue": "Delectus adipisci reiciendis nihil. Nisi quos assumenda natus aut hic modi est. Sint omnis deleniti qui ab. Ut aut odio labore dolorem sint."
      },
      {
        "displayValue": "Unde asperiores eligendi maiores et tempora in incidunt assumenda aut. Omnis aut exercitationem odit magnam. Et numquam officia ipsum aliquam error magni doloribus expedita."
      },
      {
        "displayValue": "Dolorem deleniti ut iusto voluptatem. Quisquam eaque et ad odio. Id aut explicabo ex hic delectus."
      },
      {
        "displayValue": "Aut similique tempore modi amet ut beatae numquam blanditiis. Repellat sed error accusamus dolores vel harum autem exercitationem."
      }
    ],
    "marketValue": { "displayValue": 61 },
    "reviewLevel": [
      { "displayValue": "Terrible" },
      { "displayValue": "Bad" },
      { "displayValue": "Neutral" },
      { "displayValue": "Good" },
      { "displayValue": "Excellent" },
      { "displayValue": "Terrible" },
      { "displayValue": "Bad" },
      { "displayValue": "Neutral" },
      { "displayValue": "Good" },
      { "displayValue": "Excellent" },
      { "displayValue": "Terrible" },
      { "displayValue": "Bad" },
      { "displayValue": "Neutral" },
      { "displayValue": "Good" },
      { "displayValue": "Excellent" },
      { "displayValue": "Terrible" },
      { "displayValue": "Bad" },
      { "displayValue": "Neutral" },
      { "displayValue": "Good" },
      { "displayValue": "Excellent" }
    ],
    "coffeeQuality": { "displayValue": "OK" },
    "userReview": [
      { "displayValue": 50 },
      { "displayValue": 97 },
      { "displayValue": 21 },
      { "displayValue": 60 },
      { "displayValue": 70 },
      { "displayValue": 4 },
      { "displayValue": 58 },
      { "displayValue": 98 },
      { "displayValue": 31 },
      { "displayValue": 60 },
      { "displayValue": 89 },
      { "displayValue": 11 },
      { "displayValue": 51 },
      { "displayValue": 91 },
      { "displayValue": 28 },
      { "displayValue": 56 },
      { "displayValue": 81 },
      { "displayValue": 3 },
      { "displayValue": 62 },
      { "displayValue": 98 }
    ],
    "managerReview": { "displayValue": 21 },
    "reviewScore": [
      { "displayValue": 8.077410506084561 },
      { "displayValue": -1.0438845353201032 },
      { "displayValue": 6.602241713553667 },
      { "displayValue": -2.909751175902784 },
      { "displayValue": -9.203793639317155 },
      { "displayValue": 0.6487517710775137 },
      { "displayValue": -1.14521115552634 },
      { "displayValue": -4.0303850919008255 },
      { "displayValue": -2.8147907881066203 },
      { "displayValue": 0.5539414053782821 },
      { "displayValue": -5.655442317947745 },
      { "displayValue": 4.135869317688048 },
      { "displayValue": -7.765791225247085 },
      { "displayValue": 0.0391868082806468 },
      { "displayValue": -2.3162017902359366 },
      { "displayValue": 1.4475096855312586 },
      { "displayValue": 2.763824029825628 },
      { "displayValue": 9.96370309498161 },
      { "displayValue": 6.5559673542156816 },
      { "displayValue": 7.785945069044828 }
    ],
    "occupationPercent": { "displayValue": 69 },
    "efficiencyPercent": [
      { "displayValue": 35 },
      { "displayValue": 79 },
      { "displayValue": 83 },
      { "displayValue": 77 },
      { "displayValue": 80 },
      { "displayValue": 30 },
      { "displayValue": 74 },
      { "displayValue": 70 },
      { "displayValue": 78 },
      { "displayValue": 91 },
      { "displayValue": 68 },
      { "displayValue": 43 },
      { "displayValue": 31 },
      { "displayValue": 92 },
      { "displayValue": 36 },
      { "displayValue": 5 },
      { "displayValue": 65 },
      { "displayValue": 33 },
      { "displayValue": 83 },
      { "displayValue": 88 }
    ],
    "inauguration": { "displayValue": 1628341634678 },
    "importantEvent": [
      { "displayValue": 1632341872295 },
      { "displayValue": 1627322754193 },
      { "displayValue": 1632568622871 },
      { "displayValue": 1632117005900 },
      { "displayValue": 1625313656041 },
      { "displayValue": 1629216245661 },
      { "displayValue": 1625127843957 },
      { "displayValue": 1625448622753 },
      { "displayValue": 1631448948076 },
      { "displayValue": 1628455582468 },
      { "displayValue": 1633309798451 },
      { "displayValue": 1632230007586 },
      { "displayValue": 1626542444092 },
      { "displayValue": 1627448841235 },
      { "displayValue": 1632109712226 },
      { "displayValue": 1625759522824 },
      { "displayValue": 1624187307758 },
      { "displayValue": 1628997713765 },
      { "displayValue": 1627436227975 },
      { "displayValue": 1631800624953 }
    ],
    "isOpen": { "displayValue": false },
    "yearlyIncome": [
      { "displayValue": 41 },
      { "displayValue": 13 },
      { "displayValue": 39 },
      { "displayValue": 89 },
      { "displayValue": 91 },
      { "displayValue": 17 },
      { "displayValue": 76 },
      { "displayValue": 72 },
      { "displayValue": 16 },
      { "displayValue": 17 },
      { "displayValue": 11 },
      { "displayValue": 72 },
      { "displayValue": 70 },
      { "displayValue": 52 },
      { "displayValue": 26 },
      { "displayValue": 67 },
      { "displayValue": 94 },
      { "displayValue": 45 },
      { "displayValue": 82 },
      { "displayValue": 71 }
    ],
    "menu": { "displayValue": 310 },
    "table": [
      { "displayValue": 487 },
      { "displayValue": 723 },
      { "displayValue": 905 },
      { "displayValue": 856 },
      { "displayValue": -950 },
      { "displayValue": -503 },
      { "displayValue": -859 },
      { "displayValue": 101 },
      { "displayValue": -182 },
      { "displayValue": -457 },
      { "displayValue": 10 },
      { "displayValue": 835 },
      { "displayValue": -804 },
      { "displayValue": -710 },
      { "displayValue": 228 },
      { "displayValue": -18 },
      { "displayValue": 395 },
      { "displayValue": 741 },
      { "displayValue": 404 },
      { "displayValue": -677 }
    ],
    "server": [
      { "displayValue": "Leopoldo" },
      { "displayValue": "Kameron" },
      { "displayValue": "Phoebe" },
      { "displayValue": "Reilly" },
      { "displayValue": "Deshawn" },
      { "displayValue": "Damion" },
      { "displayValue": "Nia" },
      { "displayValue": "Shawn" },
      { "displayValue": "Greyson" },
      { "displayValue": "Cordell" },
      { "displayValue": "Dion" },
      { "displayValue": "Alyson" },
      { "displayValue": "Thea" },
      { "displayValue": "Asha" },
      { "displayValue": "Abe" },
      { "displayValue": "Kian" },
      { "displayValue": "Joy" },
      { "displayValue": "Justen" },
      { "displayValue": "Javon" },
      { "displayValue": "Nico" }
    ],
    "barista": [
      { "displayValue": "Schuyler" },
      { "displayValue": "Braden" },
      { "displayValue": "Elmore" },
      { "displayValue": "Maurine" },
      { "displayValue": "Joe" },
      { "displayValue": "Hadley" },
      { "displayValue": "Garnett" },
      { "displayValue": "Raina" },
      { "displayValue": "Roberto" },
      { "displayValue": "Mekhi" },
      { "displayValue": "Keven" },
      { "displayValue": "Elouise" },
      { "displayValue": "Woodrow" },
      { "displayValue": "Vergie" },
      { "displayValue": "Wyman" },
      { "displayValue": "Maybelle" },
      { "displayValue": "Clementina" },
      { "displayValue": "Chris" },
      { "displayValue": "Mariana" },
      { "displayValue": "Claudia" }
    ]
  }
}
