{
  "en": {
    "donorRegistration.fields.annual.commitment.field.label": "Annual Commitment",
    "donorRegistration.fields.annual.commitment.for.person.field.label": "Annual Commitment Per Person",
    "donorRegistration.fields.ask.by.person.field.label": "Person's name",
    "donorRegistration.fields.business.label": "Business Name Donating",
    "donorRegistration.fields.cellular.number.field.label": "Cellular Number",
    "donorRegistration.fields.city.label": "City",
    "donorRegistration.fields.country.label": "Country",
    "donorRegistration.fields.donating.to.person.field.label": "",
    "donorRegistration.fields.email.field.label": "E-mail",
    "donorRegistration.fields.fax.number.label": "Fax Number",
    "donorRegistration.fields.first.name.label": "First Name",
    "donorRegistration.fields.last.name.label": "Last Name",
    "donorRegistration.fields.max.per.transaction.field.label": "Maximum per transaction",
    "donorRegistration.fields.min.per.transaction.field.label": "Minimum per transaction",
    "donorRegistration.fields.state.label": "State / Province",
    "donorRegistration.fields.street.address.label": "Street Address",
    "donorRegistration.fields.street.address.line2.label": "Street Address Line 2",
    "donorRegistration.fields.zip.code.label": "Zip Code",
    "donorRegistration.submit.errors.first.name": "required",
    "donorRegistration.submit.errors.last.name": "required",

    "pcpRegistration.fields.cellular.number.field.label": "Cellular Number",
    "pcpRegistration.fields.email.field.label": "E-mail",
    "pcpRegistration.fields.first.name.label": "First Name",
    "pcpRegistration.fields.insurance.plans.accepted.field.label": "Insurance Plans Accepted",
    "pcpRegistration.fields.last.name.label": "Last Name",
    "pcpRegistration.fields.office.hours.field.label": "Office Hours",
    "pcpRegistration.fields.title.label": "Title",
    "pcpRegistration.fields.work.number.label": "Work Number",
    "pcpRegistration.fields.basic.fee.field.label": "Basic Fee",
    "pcpRegistration.fields.specialist.fee.field.label": "Specialist Fee",
    "pcpRegistration.fields.medicare.accepted.field.label": "Medicare Accepted *",
    "pcpRegistration.submit.errors.first.name": "required",
    "pcpRegistration.submit.errors.last.name": "required",
    "pcpRegistration.submit.errors.office.days": "required",

    "pwiRegistration.fields.first.name.label": "First Name",
    "pwiRegistration.fields.last.name.label": "Last Name",
    "pwiRegistration.fields.birthday.label": "Birthday",
    "pwiRegistration.fields.gender.label": "Gender",
    "pwiRegistration.fields.street.address.label": "Street Address",
    "pwiRegistration.fields.zip.code.label": "Zip Code",
    "pwiRegistration.fields.apartment.number.label": "Apartment Number",
    "pwiRegistration.fields.cellular.number.field.label": "Cellular Number",
    "pwiRegistration.fields.business.phone.number.field.label": "Business Phone",
    "pwiRegistration.fields.pcp.id.field.label": "PCP Id",
    "pwiRegistration.fields.registration.date.field.label": "Registration Date",
    "pwiRegistration.fields.balance.due.field.label": "Balance Due",

    "app.actions.add": "Add new",
    "app.actions.delete": "Delete",
    "app.button.back": "Return",
    "app.cardSelector.header": "Cards",
    "app.cardSelector.headerSection": "Switch Cards",
    "app.close": "Close",
    "app.contextMenu.addInvestigationCard.further": "Investigate Further",
    "app.contextMenu.addInvestigationCard.pivot": "Pivot Investigation",
    "app.contextMenu.filter.addAndApply": "Add and Apply Filter Where <b>{value}</b>",
    "app.contextMenu.filter.equalTo": "Is equal to <b>{value}</b>",
    "app.contextMenu.filter.lessThan": "Is less than <b>{value}</b>",
    "app.contextMenu.filter.moreThan": "Is more than <b>{value}</b>",
    "app.contextMenu.filter.removeAndApply": "Remove and Apply Filter Where <b>{value}</b>",
    "app.contextMenu.filterIn": "Filter In",
    "app.contextMenu.filterOut": "Filter Out",
    "app.contextMenu.goTo.value": "Go to <b>{value}'s</b>",
    "app.contextMenu.goTo": "<b>{link}</b>",
    "app.contextMenu.goToNewTab": "<b>{link}</b> in a new tab",
    "app.contextMenu.investigation.label.collection": "Investigate <b>{value} {entity}</b>",
    "app.contextMenu.investigation.label.single": "Investigate <b>{value}</b> ({entity})",
    "app.contextMenu.preview.collection": "With only the page context",
    "app.contextMenu.preview.collectionFiltered": "Filtered by <b>{filteredBy}</b>",
    "app.contextMenu.preview.label.collection": "Preview <b>{value} {entity}</b>",
    "app.contextMenu.preview.label.single": "Preview <b>{value}</b> ({entity})",
    "app.contextMenu.preview.single": "With only the page context",
    "app.contextMenu.preview.singleFiltered": "Filtered by <b>{filteredBy}</b>",
    "app.contextMenu.profile": "Details",
    "app.contextMenu.startInvestigation.filtered": "Filtered by <b>{filteredBy}</b>",
    "app.contextMenu.startInvestigation.unfiltered": "With only the page context",
    "app.dateInterval.apply": "APPLY",
    "app.dateInterval.clear": "Clear",
    "app.dateInterval.custom": "CUSTOM RANGE",
    "app.dateInterval.date": "Date",
    "app.dateInterval.from": "Date Start",
    "app.dateInterval.interval.allTime": "All Time",
    "app.dateInterval.interval.badge.*": "All",
    "app.dateInterval.interval.badge.1,h": "1h",
    "app.dateInterval.interval.badge.1,m": "1m",
    "app.dateInterval.interval.badge.1,M": "1M",
    "app.dateInterval.interval.badge.1,w": "1w",
    "app.dateInterval.interval.badge.24,h": "24h",
    "app.dateInterval.interval.badge.3,M": "3M",
    "app.dateInterval.interval.badge.6,h": "6h",
    "app.dateInterval.interval.minute": "Past Minute",
    "app.dateInterval.interval.oneHours": "Past 1 Hour",
    "app.dateInterval.interval.oneMonth": "Past 1 Month",
    "app.dateInterval.interval.oneWeek": "Past 1 Week",
    "app.dateInterval.interval.sixHours": "Past 6 Hours",
    "app.dateInterval.interval.threeMonth": "Past 1 Quarter (3 Months)",
    "app.dateInterval.interval.twentyFourHours": "Past 24 Hours",
    "app.dateInterval.save": "Save",
    "app.dateInterval.time": "Time",
    "app.dateInterval.title": "Select Date Range",
    "app.dateInterval.to": "Date End",
    "app.dialog.confirmation": "Are you sure you want to",
    "app.edit": "Edit",
    "app.editing": "Editing",
    "app.filter.combinator.AND": "And",
    "app.filter.combinator.OR": "Or",
    "app.filter.operator.<=": "Max",
    "app.filter.operator.=": "Is",
    "app.filter.operator.>=": "Min",
    "app.filter.operator.relativeDate": "Relative Date",
    "app.filterArea.clear": "Clear",
    "app.filterArea.filter": "Filter",
    "app.filterArea.title": "Filter Area",
    "app.filterSection.apply": "Apply",
    "app.filterSection.helperText": "Click Here to Add a New Filter.",
    "app.filterSection.inputLabel": "Add filter",
    "app.filterSection.title": "FILTERS",
    "app.filterSelection.filter.add": "+ Add filter",
    "app.filterSelection.filter.apply": "Apply",
    "app.filterSelection.filter.noApplied": "No filters applied...",
    "app.filterSelection.filter.remove": "Remove Filter",
    "app.filterSelection.section.where": "Where",
    "app.findArea.find": "Find",
    "app.findArea.title": "Find Area",
    "app.for": "for",
    "app.globalNav.help": "Help",
    "app.globalNav.logout": "Logout",
    "app.globalNav.menu": "Menu",
    "app.globalNav.userAccount": "User Account",
    "app.globalNav.userPreferences": "Settings",
    "app.granularity.day": "Day",
    "app.granularity.hour": "Hour",
    "app.granularity.minute": "Minute",
    "app.granularity.month": "Month",
    "app.granularity.quarter": "Quarter",
    "app.granularity.rawData": "Raw Data",
    "app.granularity.second": "Second",
    "app.granularity.short.day": "D",
    "app.granularity.short.hour": "H",
    "app.granularity.short.minute": "m",
    "app.granularity.short.month": "M",
    "app.granularity.short.quarter": "Q",
    "app.granularity.short.rawData": "RAW",
    "app.granularity.short.second": "S",
    "app.granularity.short.week": "W",
    "app.granularity.short.year": "Y",
    "app.granularity.week": "Week",
    "app.granularity.year": "Year",
    "app.gridSection.actionsTableHeaderRow": "Actions",
    "app.gridSection.addButtonAriaLabel": "Add Item",
    "app.gridSection.clearSearchAriaLabel": "Clear Search",
    "app.gridSection.confirmArialLabel": "Save",
    "app.gridSection.confirmDeleteLabel": "Are you sure you want to delete this row?",
    "app.gridSection.deleteButtonAriaLabel": "Delete",
    "app.gridSection.editButtonAriaLabel": "Edit",
    "app.gridSection.rejectAriaLabel": "Cancel",
    "app.gridSection.searchPlaceholder": "Search",
    "app.gridSection.searchTooltip": "Search...",
    "app.investigation.actionsContextMenuHeader": "Actions of {dataPoint}",
    "app.investigation.fullScreenError": "Sorry, we are unable to display your investigation",
    "app.investigation.title": "Investigation",
    "app.modal.action.addNew": "Add new",
    "app.modal.action.cancel": "Cancel",
    "app.modal.action.delete": "Deleting",
    "app.modal.action.save": "Save",
    "app.navigation.modal.description": "You are leaving the page of <b>{productName}</b>",
    "app.navigation.modal.title": "Do you want to go to <b>{title}</b>?",
    "app.no": "No",
    "app.onboarding.cancelAndLogout": "Cancel and logout",
    "app.onboarding.dismissAndContinue": "Accept and continue",
    "app.pieWidget.restOfResults": "Other",
    "app.previewLayout.closeButton": "CLOSE PREVIEW",
    "app.previewLayout.collectionTitle": "Previewing <b>{entity}</b>",
    "app.previewLayout.collectionTitleFiltered": "Previewing <b>{entity}</b> filtered by {filteredByEntity} <b>{filteredBy}</b>",
    "app.previewLayout.singleTitle": "Previewing <b>{value}</b> {entity}",
    "app.previewLayout.singleTitleFiltered": "Previewing {entity} <b>{value}</b> by {filteredByEntity} <b>{filteredBy}</b>",
    "app.previewLayout.widgetCategory.headerSection": "Switch View",
    "app.previewLayout.widgetCategory.summary": "Summaries",
    "app.previewLayout.widgetCategory.table": "Tables",
    "app.previewLayout.widgetCategory.visualization": "Visualizations",
    "app.profileConfiguration.closeCancel": "Cancel",
    "app.profileConfiguration.saveAndClose": "Save",
    "app.refreshControl.actions": "ACTIONS",
    "app.refreshControl.every10minutes": "Every 10 minutes",
    "app.refreshControl.every15minutes": "Every 15 minutes",
    "app.refreshControl.every15seconds": "Every 15 seconds",
    "app.refreshControl.every1minute": "Every minute",
    "app.refreshControl.every30minutes": "Every 30 minutes",
    "app.refreshControl.every30seconds": "Every 30 seconds",
    "app.refreshControl.every5minutes": "Every 5 minutes",
    "app.refreshControl.every60minutes": "Every 60 minutes",
    "app.refreshControl.pause": "Pause refresh",
    "app.refreshControl.refresh": "Refresh",
    "app.refreshControl.refreshNow": "Refresh now",
    "app.refreshControl.resume": "Resume refresh",
    "app.refreshControl.timeIntervals": "TIME INTERVALS",
    "app.subHeader.buttonFilter.appliedFilters": "Applied Filters",
    "app.subHeader.buttonFilter.currentFilters": "Applied filters",
    "app.subHeader.buttonSummary.summaryDetails": "Summary Details",
    "app.subHeader.container.button.apply": "Apply",
    "app.subHeader.container.button.cancelEdit": "CANCEL EDIT",
    "app.subHeader.container.button.clear": "Clear",
    "app.subHeader.container.button.edit": "EDIT",
    "app.subHeader.container.button.editOff": "Cancel/Exit Edit Mode",
    "app.subHeader.container.button.editOn": "Enable Edit Mode",
    "app.subHeader.container.button.save": "SAVE",
    "app.subHeader.container.button.saveEdit": "SAVE EDIT",
    "app.subHeader.filterSection.addFilters": "Add filters",
    "app.subHeader.filterSection.filterBy": "SELECT FILTER TYPE",
    "app.subHeader.filterSection.noOptions": "No options",
    "app.subHeader.filterSection.values": "Values",
    "app.subHeader.hideColumns": "{count} Hidden fields",
    "app.subHeader.investigation.title.collection": "A collection of {thing}",
    "app.subHeader.investigation.title.single": "A single {thing}",
    "app.total": "Total",
    "app.updateData.badge.newData": "New Data",
    "app.updateData.badge.reload": "Reload",
    "app.visualizationType.[WIDGET] AREA_GRADIENT": "Area Gradient",
    "app.visualizationType.[WIDGET] AREA_MACRO_MICRO": "Area Macro Micro",
    "app.visualizationType.[WIDGET] AREA_MASTER_DETAIL": "Area Details",
    "app.visualizationType.[WIDGET] AREA_TREND": "Area Trend",
    "app.visualizationType.[WIDGET] AREA": "Area",
    "app.visualizationType.[WIDGET] BUBBLE_CHART": "Packed Bubble",
    "app.visualizationType.[WIDGET] COLUMN_BAR_DOUBLE_BAR": "Column Double",
    "app.visualizationType.[WIDGET] COLUMN_BAR_MACRO_MICRO": "Column with navigator",
    "app.visualizationType.[WIDGET] COLUMN_BAR_SEGMENTED": "Column Segmented",
    "app.visualizationType.[WIDGET] COLUMN_BAR": "Column",
    "app.visualizationType.[WIDGET] CONFIG_INPUT_FIELD_USER_DEFINED": "User Input",
    "app.visualizationType.[WIDGET] CUSTOM_ACTION": "Custom Action",
    "app.visualizationType.[WIDGET] CUSTOM": "Custom",
    "app.visualizationType.[WIDGET] DONUT_VARIANT": "Donut",
    "app.visualizationType.[WIDGET] DONUT": "Donut",
    "app.visualizationType.[WIDGET] GAUGE_SEVERITY_LEVEL": "Gauge",
    "app.visualizationType.[WIDGET] GAUGE_SEVERITY_SCORE": "Gauge",
    "app.visualizationType.[WIDGET] GAUGE": "Gauge",
    "app.visualizationType.[WIDGET] LINE": "Line",
    "app.visualizationType.[WIDGET] PIE": "Pie",
    "app.visualizationType.[WIDGET] POLAR_AREA": "Polar Area",
    "app.visualizationType.[WIDGET] POSITIVE_NEGATIVE_AREA": "Positive Negative Area",
    "app.visualizationType.[WIDGET] READ_ONLY_TEXT": "Text",
    "app.visualizationType.[WIDGET] SCATTER": "Scatter",
    "app.visualizationType.[WIDGET] SIMPLE_LIST_RANKED": "Simple List Ranked",
    "app.visualizationType.[WIDGET] SIMPLE_LIST": "Simple List",
    "app.visualizationType.[WIDGET] SINGLE_BAR_HIGHLIGHT_MAX": "Single Bar",
    "app.visualizationType.[WIDGET] STEP_LINE": "Step Chart",
    "app.visualizationType.[WIDGET] SUMMARY_SLOT": "Summary",
    "app.visualizationType.[WIDGET] SUMMARY_STATISTICS": "Statistics",
    "app.visualizationType.[WIDGET] WATERFALL": "Waterfall",
    "entities.endUserPreferences.locale": "Language",
    "entities.endUserPreferences.theme": "Theme",
    "entities.endUserPreferences.version": "Version",
    "entities.address.address": "Address",
    "entities.address.memberName": "Member Name",
    "entities.aptNo.aptNo": "APT No",
    "entities.aptNo.memberName": "Member Name",
    "entities.balanceDue.balanceDue": "Balance Due",
    "entities.balanceDue.memberName": "Member Name",
    "entities.balanceDue.timestamp": "Timestamp",
    "entities.basicFee.basicFee": "Basic Fee",
    "entities.basicFee.primaryCareId": "Primary Care ID",
    "entities.businessName.businessName": "Business Name",
    "entities.businessName.donorId": "Donor ID",
    "entities.businessPhone.businessPhone": "Business Phone",
    "entities.businessPhone.memberName": "Member Name",
    "entities.cellPhone.cellPhone": "Cell Phone",
    "entities.cellPhone.memberName": "Member Name",
    "entities.commercialInsurance.commercialInsurance": "Commercial Insurance",
    "entities.commercialInsurance.primaryCareId": "Primary Care ID",
    "entities.dob.dob": "DOB",
    "entities.dob.memberName": "Member Name",
    "entities.donorBusiness.donorBusiness": "Donor Business",
    "entities.donorBusiness.donorId": "Donor ID",
    "entities.donorCommitment.donorCommitment": "Donor Commitment",
    "entities.donorCommitment.donorId": "Donor ID",
    "entities.donorCurrentBalance.donorCurrentBalance": "Donor Current Balance",
    "entities.donorCurrentBalance.donorId": "Donor ID",
    "entities.donorCurrentBalance.timestamp": "Timestamp",
    "entities.donorFax.donorFax": "Donor Fax",
    "entities.donorFax.donorId": "Donor ID",
    "entities.donorId.donorId": "Donor ID",
    "entities.donorId.donorCommitment": "Donor Commitment",
    "entities.donorId.donorFax": "Donor Fax",
    "entities.donorId.donorSpentYtd": "Donor Spent YTD",
    "entities.donorId.donorZip": "Donor Zip",
    "entities.donorId.donorCurrentBalance": "Donor Current Balance",
    "entities.donorId.minPerTransaction": "MIN Per Transaction",
    "entities.donorId.donorSuite": "Donor Suite",
    "entities.donorId.donorStreetAddress": "Donor Street Address",
    "entities.donorId.donorBusiness": "Donor Business",
    "entities.donorId.paidMembers": "Paid Members",
    "entities.donorId.donorName": "Donor Name",
    "entities.donorId.maxPerTransaction": "Max Per Transaction",
    "entities.donorId.donorPhoneNumber": "Donor Phone Number",
    "entities.donorId.businessName": "Business Name",
    "entities.donorId.preferredMember": "Preferred Member",
    "entities.donorName.donorName": "Donor Name",
    "entities.donorName.donorId": "Donor ID",
    "entities.donorPhoneNumber.donorPhoneNumber": "Donor Phone Number",
    "entities.donorPhoneNumber.donorId": "Donor ID",
    "entities.donorSpentYtd.donorSpentYtd": "Donor Spent YTD",
    "entities.donorSpentYtd.timestamp": "Timestamp",
    "entities.donorSpentYtd.donorId": "Donor ID",
    "entities.donorStreetAddress.donorStreetAddress": "Donor Street Address",
    "entities.donorStreetAddress.donorId": "Donor ID",
    "entities.donorSuite.donorSuite": "Donor Suite",
    "entities.donorSuite.donorId": "Donor ID",
    "entities.donorZip.donorZip": "Donor Zip",
    "entities.donorZip.donorId": "Donor ID",
    "entities.eligiblePcp.eligiblePcp": "Eligible PCP",
    "entities.eligiblePcp.memberName": "Member Name",
    "entities.eligiblePcp.hcapScore": "HCAP Score",
    "entities.eligiblePcp.pcpMember": "PCP Member",
    "entities.eligiblePcp.p2P": "P 2 P",
    "entities.eligiblePcp.commercialInsurance": "Commercial Insurance",
    "entities.eligiblePcp.basicFee": "Basic Fee",
    "entities.eligiblePcp.medicare": "Medicare",
    "entities.eligiblePcp.specialistFee": "Specialist Fee",
    "entities.eligiblePcp.officeHours": "Office Hours",
    "entities.eligiblePcp.npi": "NPI",
    "entities.eligiblePcp.pcpSuite": "PCP Suite",
    "entities.eligiblePcp.pcpStreetAddress": "PCP Street Address",
    "entities.eligiblePcp.pcpzipCode": "PCPZIP Code",
    "entities.eligiblePcp.telephone": "Telephone",
    "entities.eligiblePcp.title": "Title",
    "entities.eligiblePcp.primaryCareName": "Primary Care Name",
    "entities.gender.gender": "Gender",
    "entities.gender.memberName": "Member Name",
    "entities.hcapScore.hcapScore": "HCAP Score",
    "entities.hcapScore.timestamp": "Timestamp",
    "entities.hcapScore.primaryCareId": "Primary Care ID",
    "entities.invoiceAmount.invoiceAmount": "Invoice Amount",
    "entities.invoiceAmount.transactionId": "Transaction ID",
    "entities.invoiceId.invoiceId": "Invoice ID",
    "entities.invoiceId.transactionId": "Transaction ID",
    "entities.invoiceNumber.invoiceNumber": "Invoice Number",
    "entities.invoiceNumber.transactionId": "Transaction ID",
    "entities.invoiceNumber.timestamp": "Timestamp",
    "entities.maxPerTransaction.maxPerTransaction": "Max Per Transaction",
    "entities.maxPerTransaction.donorId": "Donor ID",
    "entities.medicare.medicare": "Medicare",
    "entities.medicare.primaryCareId": "Primary Care ID",
    "entities.memberAmountPaid.memberAmountPaid": "Member Amount Paid",
    "entities.memberAmountPaid.transactionId": "Transaction ID",
    "entities.memberId.memberId": "Member ID",
    "entities.memberId.memberName": "Member Name",
    "entities.memberName.memberName": "Member Name",
    "entities.memberName.eligiblePcp": "Eligible PCP",
    "entities.memberName.patientsPcp": "Patients PCP",
    "entities.memberName.membersTransactions": "Members Transactions",
    "entities.memberName.membersPcp": "Members PCP",
    "entities.memberName.registrationDate": "Registration Date",
    "entities.memberName.balanceDue": "Balance Due",
    "entities.memberName.dob": "DOB",
    "entities.memberName.zipCode": "ZIP Code",
    "entities.memberName.address": "Address",
    "entities.memberName.memberId": "Member ID",
    "entities.memberName.aptNo": "APT No",
    "entities.memberName.cellPhone": "Cell Phone",
    "entities.memberName.gender": "Gender",
    "entities.memberName.businessPhone": "Business Phone",
    "entities.memberPaidAmount.memberPaidAmount": "Member Paid Amount",
    "entities.memberPaidAmount.transactionId": "Transaction ID",
    "entities.membersPcp.membersPcp": "Members PCP",
    "entities.membersPcp.memberName": "Member Name",
    "entities.membersPcp.primaryCareId": "Primary Care ID",
    "entities.membersTransactions.membersTransactions": "Members Transactions",
    "entities.membersTransactions.memberName": "Member Name",
    "entities.membersTransactions.invoiceNumber": "Invoice Number",
    "entities.membersTransactions.totalDonorPayments": "Total Donor Payments",
    "entities.membersTransactions.invoiceAmount": "Invoice Amount",
    "entities.membersTransactions.memberPaidAmount": "Member Paid Amount",
    "entities.membersTransactions.transactionDonationAmount": "Transaction Donation Amount",
    "entities.membersTransactions.transactionPcp": "Transaction PCP",
    "entities.membersTransactions.transactionAmount": "Transaction Amount",
    "entities.membersTransactions.transactionDate": "Transaction Date",
    "entities.membersTransactions.invoiceId": "Invoice ID",
    "entities.membersTransactions.transactionDonor": "Transaction Donor",
    "entities.membersTransactions.transactionMember": "Transaction Member",
    "entities.membersTransactions.memberAmountPaid": "Member Amount Paid",
    "entities.minPerTransaction.minPerTransaction": "MIN Per Transaction",
    "entities.minPerTransaction.donorId": "Donor ID",
    "entities.npi.npi": "NPI",
    "entities.npi.primaryCareId": "Primary Care ID",
    "entities.officeHours.officeHours": "Office Hours",
    "entities.officeHours.primaryCareId": "Primary Care ID",
    "entities.p2P.p2P": "P 2 P",
    "entities.p2P.primaryCareId": "Primary Care ID",
    "entities.paidMembers.paidMembers": "Paid Members",
    "entities.paidMembers.donorId": "Donor ID",
    "entities.paidMembers.eligiblePcp": "Eligible PCP",
    "entities.paidMembers.patientsPcp": "Patients PCP",
    "entities.paidMembers.membersTransactions": "Members Transactions",
    "entities.paidMembers.membersPcp": "Members PCP",
    "entities.paidMembers.registrationDate": "Registration Date",
    "entities.paidMembers.balanceDue": "Balance Due",
    "entities.paidMembers.dob": "DOB",
    "entities.paidMembers.zipCode": "ZIP Code",
    "entities.paidMembers.address": "Address",
    "entities.paidMembers.memberId": "Member ID",
    "entities.paidMembers.aptNo": "APT No",
    "entities.paidMembers.cellPhone": "Cell Phone",
    "entities.paidMembers.gender": "Gender",
    "entities.paidMembers.businessPhone": "Business Phone",
    "entities.patientsPcp.patientsPcp": "Patients PCP",
    "entities.patientsPcp.memberName": "Member Name",
    "entities.patientsPcp.hcapScore": "HCAP Score",
    "entities.patientsPcp.pcpMember": "PCP Member",
    "entities.patientsPcp.p2P": "P 2 P",
    "entities.patientsPcp.commercialInsurance": "Commercial Insurance",
    "entities.patientsPcp.basicFee": "Basic Fee",
    "entities.patientsPcp.medicare": "Medicare",
    "entities.patientsPcp.specialistFee": "Specialist Fee",
    "entities.patientsPcp.officeHours": "Office Hours",
    "entities.patientsPcp.npi": "NPI",
    "entities.patientsPcp.pcpSuite": "PCP Suite",
    "entities.patientsPcp.pcpStreetAddress": "PCP Street Address",
    "entities.patientsPcp.pcpzipCode": "PCPZIP Code",
    "entities.patientsPcp.telephone": "Telephone",
    "entities.patientsPcp.title": "Title",
    "entities.patientsPcp.primaryCareName": "Primary Care Name",
    "entities.pcpMember.pcpMember": "PCP Member",
    "entities.pcpMember.primaryCareId": "Primary Care ID",
    "entities.pcpMember.eligiblePcp": "Eligible PCP",
    "entities.pcpMember.patientsPcp": "Patients PCP",
    "entities.pcpMember.membersTransactions": "Members Transactions",
    "entities.pcpMember.membersPcp": "Members PCP",
    "entities.pcpMember.registrationDate": "Registration Date",
    "entities.pcpMember.balanceDue": "Balance Due",
    "entities.pcpMember.dob": "DOB",
    "entities.pcpMember.zipCode": "ZIP Code",
    "entities.pcpMember.address": "Address",
    "entities.pcpMember.memberId": "Member ID",
    "entities.pcpMember.aptNo": "APT No",
    "entities.pcpMember.cellPhone": "Cell Phone",
    "entities.pcpMember.gender": "Gender",
    "entities.pcpMember.businessPhone": "Business Phone",
    "entities.pcpStreetAddress.pcpStreetAddress": "PCP Street Address",
    "entities.pcpStreetAddress.primaryCareId": "Primary Care ID",
    "entities.pcpSuite.pcpSuite": "PCP Suite",
    "entities.pcpSuite.primaryCareId": "Primary Care ID",
    "entities.pcpzipCode.pcpzipCode": "PCPZIP Code",
    "entities.pcpzipCode.primaryCareId": "Primary Care ID",
    "entities.pcpzipCode.memberName": "Member Name",
    "entities.preferredMember.preferredMember": "Preferred Member",
    "entities.preferredMember.donorId": "Donor ID",
    "entities.preferredMember.eligiblePcp": "Eligible PCP",
    "entities.preferredMember.patientsPcp": "Patients PCP",
    "entities.preferredMember.membersTransactions": "Members Transactions",
    "entities.preferredMember.membersPcp": "Members PCP",
    "entities.preferredMember.registrationDate": "Registration Date",
    "entities.preferredMember.balanceDue": "Balance Due",
    "entities.preferredMember.dob": "DOB",
    "entities.preferredMember.zipCode": "ZIP Code",
    "entities.preferredMember.address": "Address",
    "entities.preferredMember.memberId": "Member ID",
    "entities.preferredMember.aptNo": "APT No",
    "entities.preferredMember.cellPhone": "Cell Phone",
    "entities.preferredMember.gender": "Gender",
    "entities.preferredMember.businessPhone": "Business Phone",
    "entities.primaryCareId.primaryCareId": "Primary Care ID",
    "entities.primaryCareId.hcapScore": "HCAP Score",
    "entities.primaryCareId.pcpMember": "PCP Member",
    "entities.primaryCareId.p2P": "P 2 P",
    "entities.primaryCareId.commercialInsurance": "Commercial Insurance",
    "entities.primaryCareId.basicFee": "Basic Fee",
    "entities.primaryCareId.medicare": "Medicare",
    "entities.primaryCareId.specialistFee": "Specialist Fee",
    "entities.primaryCareId.officeHours": "Office Hours",
    "entities.primaryCareId.npi": "NPI",
    "entities.primaryCareId.pcpSuite": "PCP Suite",
    "entities.primaryCareId.pcpStreetAddress": "PCP Street Address",
    "entities.primaryCareId.pcpzipCode": "PCPZIP Code",
    "entities.primaryCareId.telephone": "Telephone",
    "entities.primaryCareId.title": "Title",
    "entities.primaryCareId.primaryCareName": "Primary Care Name",
    "entities.primaryCareName.primaryCareName": "Primary Care Name",
    "entities.primaryCareName.primaryCareId": "Primary Care ID",
    "entities.registrationDate.registrationDate": "Registration Date",
    "entities.registrationDate.memberName": "Member Name",
    "entities.specialistFee.specialistFee": "Specialist Fee",
    "entities.specialistFee.primaryCareId": "Primary Care ID",
    "entities.telephone.telephone": "Telephone",
    "entities.telephone.primaryCareId": "Primary Care ID",
    "entities.timestamp.timestamp": "Timestamp",
    "entities.title.title": "Title",
    "entities.title.primaryCareId": "Primary Care ID",
    "entities.totalDonorPayments.totalDonorPayments": "Total Donor Payments",
    "entities.totalDonorPayments.transactionId": "Transaction ID",
    "entities.transactionAmount.transactionAmount": "Transaction Amount",
    "entities.transactionAmount.transactionId": "Transaction ID",
    "entities.transactionDate.transactionDate": "Transaction Date",
    "entities.transactionDate.transactionId": "Transaction ID",
    "entities.transactionDonationAmount.transactionDonationAmount": "Transaction Donation Amount",
    "entities.transactionDonationAmount.transactionId": "Transaction ID",
    "entities.transactionDonationAmount.transactionDonor": "Transaction Donor",
    "entities.transactionDonor.transactionDonor": "Transaction Donor",
    "entities.transactionDonor.transactionDonationAmount": "Transaction Donation Amount",
    "entities.transactionDonor.transactionId": "Transaction ID",
    "entities.transactionDonor.donorCommitment": "Donor Commitment",
    "entities.transactionDonor.donorFax": "Donor Fax",
    "entities.transactionDonor.donorSpentYtd": "Donor Spent YTD",
    "entities.transactionDonor.donorZip": "Donor Zip",
    "entities.transactionDonor.donorCurrentBalance": "Donor Current Balance",
    "entities.transactionDonor.minPerTransaction": "MIN Per Transaction",
    "entities.transactionDonor.donorSuite": "Donor Suite",
    "entities.transactionDonor.donorStreetAddress": "Donor Street Address",
    "entities.transactionDonor.donorBusiness": "Donor Business",
    "entities.transactionDonor.paidMembers": "Paid Members",
    "entities.transactionDonor.donorName": "Donor Name",
    "entities.transactionDonor.maxPerTransaction": "Max Per Transaction",
    "entities.transactionDonor.donorPhoneNumber": "Donor Phone Number",
    "entities.transactionDonor.businessName": "Business Name",
    "entities.transactionDonor.preferredMember": "Preferred Member",
    "entities.transactionId.transactionId": "Transaction ID",
    "entities.transactionId.invoiceNumber": "Invoice Number",
    "entities.transactionId.totalDonorPayments": "Total Donor Payments",
    "entities.transactionId.invoiceAmount": "Invoice Amount",
    "entities.transactionId.memberPaidAmount": "Member Paid Amount",
    "entities.transactionId.transactionDonationAmount": "Transaction Donation Amount",
    "entities.transactionId.transactionPcp": "Transaction PCP",
    "entities.transactionId.transactionAmount": "Transaction Amount",
    "entities.transactionId.transactionDate": "Transaction Date",
    "entities.transactionId.invoiceId": "Invoice ID",
    "entities.transactionId.transactionDonor": "Transaction Donor",
    "entities.transactionId.transactionMember": "Transaction Member",
    "entities.transactionId.memberAmountPaid": "Member Amount Paid",
    "entities.transactionMember.transactionMember": "Transaction Member",
    "entities.transactionMember.transactionId": "Transaction ID",
    "entities.transactionMember.eligiblePcp": "Eligible PCP",
    "entities.transactionMember.patientsPcp": "Patients PCP",
    "entities.transactionMember.membersTransactions": "Members Transactions",
    "entities.transactionMember.membersPcp": "Members PCP",
    "entities.transactionMember.registrationDate": "Registration Date",
    "entities.transactionMember.balanceDue": "Balance Due",
    "entities.transactionMember.dob": "DOB",
    "entities.transactionMember.zipCode": "ZIP Code",
    "entities.transactionMember.address": "Address",
    "entities.transactionMember.memberId": "Member ID",
    "entities.transactionMember.aptNo": "APT No",
    "entities.transactionMember.cellPhone": "Cell Phone",
    "entities.transactionMember.gender": "Gender",
    "entities.transactionMember.businessPhone": "Business Phone",
    "entities.transactionPcp.transactionPcp": "Transaction PCP",
    "entities.transactionPcp.transactionId": "Transaction ID",
    "entities.transactionPcp.primaryCareId": "Primary Care ID",
    "entities.uploadedBy.uploadedBy": "Uploaded By",
    "entities.uploadedBy.uploadFile": "Upload File",
    "entities.uploadFile.uploadFile": "Upload File",
    "entities.uploadFile.uploadedBy": "Uploaded By",
    "entities.uploadFile.timestamp": "Timestamp",
    "entities.zipCode.zipCode": "ZIP Code",
    "entities.zipCode.memberName": "Member Name"
  },
  "es": {
    "app.actions.add": "Agregar",
    "app.actions.delete": "Eliminar",
    "app.button.back": "Regresar",
    "app.cardSelector.header": "Tarjetas",
    "app.cardSelector.headerSection": "Cambiar Tarjetas",
    "app.close": "Cerrar",
    "app.contextMenu.addInvestigationCard.further": "Investigar más a fondo",
    "app.contextMenu.addInvestigationCard.pivot": "Redirigir investigación",
    "app.contextMenu.filter.addAndApply": "Agregar y Aplicar Filtro Donde <b>{value}</b>",
    "app.contextMenu.filter.equalTo": "Es igual a <b>{value}</b>",
    "app.contextMenu.filter.lessThan": "Es menor a <b>{value}</b>",
    "app.contextMenu.filter.moreThan": "Es mayor a <b>{value}</b>",
    "app.contextMenu.filter.removeAndApply": "Remover y Aplicar Filtro Donde <b>{value}</b>",
    "app.contextMenu.filterIn": "Filtrar",
    "app.contextMenu.filterOut": "Remover filtro",
    "app.contextMenu.goTo.value": "Ir a <b>{value}</b>",
    "app.contextMenu.goTo": "<b>{link}</b>",
    "app.contextMenu.goToNewTab": "<b>{link}</b> en una nueva pestaña",
    "app.contextMenu.investigation.label.collection": "Investigación de <b>{value} {entity}</b>",
    "app.contextMenu.investigation.label.single": "Investigación de <b>{value}</b> ({entity})",
    "app.contextMenu.preview.collection": "Solo con el contexto de la página",
    "app.contextMenu.preview.collectionFiltered": "Filtrado por <b>{filteredBy}</b>",
    "app.contextMenu.preview.label.collection": "Vista previa de <b>{value} {entity}</b>",
    "app.contextMenu.preview.label.single": "Vista previa de <b>{value}</b> ({entity})",
    "app.contextMenu.preview.single": "Solo con el contexto de la página",
    "app.contextMenu.preview.singleFiltered": "Filtrado por <b>{filteredBy}</b>",
    "app.contextMenu.profile": "Detalles",
    "app.contextMenu.startInvestigation.filtered": "Filtrado por <b>{filteredBy}</b>",
    "app.contextMenu.startInvestigation.unfiltered": "Solo con el contexto de la página",
    "app.dateInterval.apply": "APLICAR",
    "app.dateInterval.clear": "Limpiar",
    "app.dateInterval.custom": "INTERVALO PERSONALIZADO",
    "app.dateInterval.date": "Fecha",
    "app.dateInterval.from": "Fecha de Inicio",
    "app.dateInterval.interval.allTime": "Todo",
    "app.dateInterval.interval.badge.*": "Todo",
    "app.dateInterval.interval.badge.1,h": "1h",
    "app.dateInterval.interval.badge.1,m": "1m",
    "app.dateInterval.interval.badge.1,M": "1M",
    "app.dateInterval.interval.badge.1,w": "1S",
    "app.dateInterval.interval.badge.24,h": "24h",
    "app.dateInterval.interval.badge.3,M": "3M",
    "app.dateInterval.interval.badge.6,h": "6h",
    "app.dateInterval.interval.minute": "1 Minuto Antes",
    "app.dateInterval.interval.oneHours": "1 Hora Antes",
    "app.dateInterval.interval.oneMonth": "1 Mes Antes",
    "app.dateInterval.interval.oneWeek": "1 Semana Antes",
    "app.dateInterval.interval.sixHours": "6 Horas Antes",
    "app.dateInterval.interval.threeMonth": "1 Trimestre Antes (3 Meses)",
    "app.dateInterval.interval.twentyFourHours": "24 Horas Antes",
    "app.dateInterval.save": "Guardar",
    "app.dateInterval.time": "Tiempo",
    "app.dateInterval.title": "Seleccionar Rango",
    "app.dateInterval.to": "Fecha de Termino",
    "app.dialog.confirmation": "Estás seguro que quieres",
    "app.edit": "Editar",
    "app.editing": "Editando",
    "app.filter.combinator.AND": "Y",
    "app.filter.combinator.OR": "O",
    "app.filter.operator.<=": "Max",
    "app.filter.operator.=": "Es",
    "app.filter.operator.>=": "Min",
    "app.filter.operator.relativeDate": "Fecha relativa",
    "app.filterArea.clear": "Limpiar",
    "app.filterArea.filter": "Filtrar",
    "app.filterArea.title": "Area de Filtrado",
    "app.filterSection.apply": "Aplicar",
    "app.filterSection.helperText": "Click aquí para agregar un nuevo filtro.",
    "app.filterSection.inputLabel": "Agregar Filtro",
    "app.filterSection.title": "FILTROS",
    "app.filterSelection.filter.add": "+ Agregar Filtro",
    "app.filterSelection.filter.apply": "Aplicar",
    "app.filterSelection.filter.noApplied": "Ningun filtro aplicado...",
    "app.filterSelection.filter.remove": "Remover Filtro",
    "app.filterSelection.section.where": "Donde",
    "app.findArea.find": "Buscar",
    "app.findArea.title": "Área de Búsqueda",
    "app.for": "para",
    "app.globalNav.help": "Ayuda",
    "app.globalNav.logout": "Cerrar Sesión",
    "app.globalNav.menu": "Menú",
    "app.globalNav.userAccount": "Cuenta de Usuario",
    "app.globalNav.userPreferences": "Ajustes",
    "app.granularity.day": "Día",
    "app.granularity.hour": "Hora",
    "app.granularity.minute": "Minuto",
    "app.granularity.month": "Mes",
    "app.granularity.quarter": "Trimestre",
    "app.granularity.rawData": "Datos Sin Procesar",
    "app.granularity.second": "Segundo",
    "app.granularity.short.day": "D",
    "app.granularity.short.hour": "H",
    "app.granularity.short.minute": "m",
    "app.granularity.short.month": "M",
    "app.granularity.short.quarter": "T",
    "app.granularity.short.rawData": "DSP",
    "app.granularity.short.second": "s",
    "app.granularity.short.week": "S",
    "app.granularity.short.year": "A",
    "app.granularity.week": "Semana",
    "app.granularity.year": "Año",
    "app.gridSection.actionsTableHeaderRow": "Comportamiento",
    "app.gridSection.addButtonAriaLabel": "Añadir artículo",
    "app.gridSection.clearSearchAriaLabel": "Borrar búsqueda",
    "app.gridSection.confirmArialLabel": "Salvar",
    "app.gridSection.confirmDeleteLabel": "¿Estás segura de que quieres eliminar esta fila?",
    "app.gridSection.deleteButtonAriaLabel": "Eliminar",
    "app.gridSection.editButtonAriaLabel": "Editar",
    "app.gridSection.rejectAriaLabel": "Cancelar",
    "app.gridSection.searchPlaceholder": "Buscar",
    "app.gridSection.searchTooltip": "Buscar...",
    "app.investigation.actionsContextMenuHeader": "Acciones de {dataPoint}",
    "app.investigation.fullScreenError": "Disculpa, no hemos podido cargar tu investigación",
    "app.investigation.title": "Investigación",
    "app.modal.action.addNew": "Agregar nuevo(a)",
    "app.modal.action.cancel": "Cancelar",
    "app.modal.action.delete": "Eliminando",
    "app.modal.action.save": "Guardar",
    "app.navigation.modal.description": "Estas saliendo de la pagina de <b>{productName}</b>",
    "app.navigation.modal.title": "Quieres ir a <b>{title}</b>?",
    "app.no": "No",
    "app.onboarding.cancelAndLogout": "Cancelar y cerrar sesión",
    "app.onboarding.dismissAndContinue": "Aceptar y continuar",
    "app.pieWidget.restOfResults": "Otros",
    "app.previewLayout.closeButton": "CERRAR PANEL",
    "app.previewLayout.collectionTitle": "Vista Previa de <b>{entity}</b>",
    "app.previewLayout.collectionTitleFiltered": "Vista Previa de <b>{entity}</b> filtrado por {filteredByEntity} <b>{filteredBy}</b>",
    "app.previewLayout.singleTitle": "Vista Previa de {entity} <b>{value}</b>",
    "app.previewLayout.singleTitleFiltered": "Vista Previa de {entity} <b>{value}</b> filtrado por {filteredByEntity} <b>{filteredBy}</b>",
    "app.previewLayout.widgetCategory.headerSection": "Cambiar Vista",
    "app.previewLayout.widgetCategory.summary": "Resúmenes",
    "app.previewLayout.widgetCategory.table": "Tablas",
    "app.previewLayout.widgetCategory.visualization": "Visualizaciones",
    "app.profileConfiguration.closeCancel": "Cancelar",
    "app.profileConfiguration.saveAndClose": "Guardar",
    "app.refreshControl.actions": "ACCIONES",
    "app.refreshControl.every10minutes": "Cada 10 minutos",
    "app.refreshControl.every15minutes": "Cada 15 minutos",
    "app.refreshControl.every15seconds": "Cada 15 segundos",
    "app.refreshControl.every1minute": "Cada minuto",
    "app.refreshControl.every30minutes": "Cada 30 minutos",
    "app.refreshControl.every30seconds": "Cada 30 segundos",
    "app.refreshControl.every5minutes": "Cada 5 minutos",
    "app.refreshControl.every60minutes": "Cada 60 minutos",
    "app.refreshControl.pause": "Pausar refrescamamiento",
    "app.refreshControl.refresh": "Refrescar",
    "app.refreshControl.refreshNow": "Refrescar ahora",
    "app.refreshControl.resume": "Reanudar refrescamiento",
    "app.refreshControl.timeIntervals": "INTERVALOS",
    "app.subHeader.buttonFilter.appliedFilters": "Aplicar Filtros",
    "app.subHeader.buttonFilter.currentFilters": "Filtros aplicados",
    "app.subHeader.buttonSummary.summaryDetails": "Detalle Resumido",
    "app.subHeader.container.button.apply": "Aplicar",
    "app.subHeader.container.button.cancelEdit": "Cancelar Edición",
    "app.subHeader.container.button.clear": "Limpiar",
    "app.subHeader.container.button.edit": "Editar",
    "app.subHeader.container.button.editOff": "Cancelar/Salir de Modo Edición",
    "app.subHeader.container.button.editOn": "Activar Modo Edición",
    "app.subHeader.container.button.save": "Guardar",
    "app.subHeader.container.button.saveEdit": "Guardar edición",
    "app.subHeader.filterSection.addFilters": "Agregar filtros",
    "app.subHeader.filterSection.filterBy": "SELECCIONAR FILTRO",
    "app.subHeader.filterSection.noOptions": "Sin opciones",
    "app.subHeader.filterSection.values": "Valores",
    "app.subHeader.hideColumns": "{count} Columnas ocultas",
    "app.subHeader.investigation.title.collection": "Una colección de {thing}",
    "app.subHeader.investigation.title.single": "Un solo {thing}",
    "app.total": "Total",
    "app.updateData.badge.newData": "Nuevos Datos",
    "app.updateData.badge.reload": "Recargar",
    "app.visualizationType.[WIDGET] AREA_GRADIENT": "Área con degradé",
    "app.visualizationType.[WIDGET] AREA_MACRO_MICRO": "Área Macro Micro",
    "app.visualizationType.[WIDGET] AREA_MASTER_DETAIL": "Área bajo la superficie",
    "app.visualizationType.[WIDGET] AREA_TREND": "Área con Tendencia",
    "app.visualizationType.[WIDGET] AREA": "Área",
    "app.visualizationType.[WIDGET] BUBBLE_CHART": "Gráfico de Burbujas",
    "app.visualizationType.[WIDGET] COLUMN_BAR_DOUBLE_BAR": "Column Double",
    "app.visualizationType.[WIDGET] COLUMN_BAR_MACRO_MICRO": "Column con navegador",
    "app.visualizationType.[WIDGET] COLUMN_BAR_SEGMENTED": "Columna Segmentada",
    "app.visualizationType.[WIDGET] COLUMN_BAR": "Columna",
    "app.visualizationType.[WIDGET] CONFIG_INPUT_FIELD_USER_DEFINED": "Entrada del User",
    "app.visualizationType.[WIDGET] CUSTOM_ACTION": "Acción Personalizada",
    "app.visualizationType.[WIDGET] CUSTOM": "Personalizable",
    "app.visualizationType.[WIDGET] DONUT_VARIANT": "Rosquilla",
    "app.visualizationType.[WIDGET] DONUT": "Rosquilla",
    "app.visualizationType.[WIDGET] GAUGE_SEVERITY_LEVEL": "Medidor",
    "app.visualizationType.[WIDGET] GAUGE_SEVERITY_SCORE": "Medidor",
    "app.visualizationType.[WIDGET] GAUGE": "Medidor",
    "app.visualizationType.[WIDGET] LINE": "Línea",
    "app.visualizationType.[WIDGET] PIE": "Gráfico Circular",
    "app.visualizationType.[WIDGET] POLAR_AREA": "Área Polar",
    "app.visualizationType.[WIDGET] POSITIVE_NEGATIVE_AREA": "Área Positiva Negativa",
    "app.visualizationType.[WIDGET] READ_ONLY_TEXT": "Texto",
    "app.visualizationType.[WIDGET] SCATTER": "Gráfico de Dispersión",
    "app.visualizationType.[WIDGET] SIMPLE_LIST_RANKED": "Lista Sencilla Clasificada",
    "app.visualizationType.[WIDGET] SIMPLE_LIST": "Lista Sencilla",
    "app.visualizationType.[WIDGET] SINGLE_BAR_HIGHLIGHT_MAX": "Barra única",
    "app.visualizationType.[WIDGET] STEP_LINE": "Gráfico de Grada",
    "app.visualizationType.[WIDGET] SUMMARY_SLOT": "Sumario",
    "app.visualizationType.[WIDGET] SUMMARY_STATISTICS": "Estadísticas",
    "app.visualizationType.[WIDGET] WATERFALL": "Cascada",
    "entities.endUserPreferences.locale": "Idioma",
    "entities.endUserPreferences.theme": "Tema",
    "entities.endUserPreferences.version": "Versión",
    "entities.address.address": "Address",
    "entities.address.memberName": "Member Name",
    "entities.aptNo.aptNo": "APT No",
    "entities.aptNo.memberName": "Member Name",
    "entities.balanceDue.balanceDue": "Balance Due",
    "entities.balanceDue.memberName": "Member Name",
    "entities.balanceDue.timestamp": "Timestamp",
    "entities.basicFee.basicFee": "Basic Fee",
    "entities.basicFee.primaryCareId": "Primary Care ID",
    "entities.businessName.businessName": "Business Name",
    "entities.businessName.donorId": "Donor ID",
    "entities.businessPhone.businessPhone": "Business Phone",
    "entities.businessPhone.memberName": "Member Name",
    "entities.cellPhone.cellPhone": "Cell Phone",
    "entities.cellPhone.memberName": "Member Name",
    "entities.commercialInsurance.commercialInsurance": "Commercial Insurance",
    "entities.commercialInsurance.primaryCareId": "Primary Care ID",
    "entities.dob.dob": "DOB",
    "entities.dob.memberName": "Member Name",
    "entities.donorBusiness.donorBusiness": "Donor Business",
    "entities.donorBusiness.donorId": "Donor ID",
    "entities.donorCommitment.donorCommitment": "Donor Commitment",
    "entities.donorCommitment.donorId": "Donor ID",
    "entities.donorCurrentBalance.donorCurrentBalance": "Donor Current Balance",
    "entities.donorCurrentBalance.donorId": "Donor ID",
    "entities.donorCurrentBalance.timestamp": "Timestamp",
    "entities.donorFax.donorFax": "Donor Fax",
    "entities.donorFax.donorId": "Donor ID",
    "entities.donorId.donorId": "Donor ID",
    "entities.donorId.donorCommitment": "Donor Commitment",
    "entities.donorId.donorFax": "Donor Fax",
    "entities.donorId.donorSpentYtd": "Donor Spent YTD",
    "entities.donorId.donorZip": "Donor Zip",
    "entities.donorId.donorCurrentBalance": "Donor Current Balance",
    "entities.donorId.minPerTransaction": "MIN Per Transaction",
    "entities.donorId.donorSuite": "Donor Suite",
    "entities.donorId.donorStreetAddress": "Donor Street Address",
    "entities.donorId.donorBusiness": "Donor Business",
    "entities.donorId.paidMembers": "Paid Members",
    "entities.donorId.donorName": "Donor Name",
    "entities.donorId.maxPerTransaction": "Max Per Transaction",
    "entities.donorId.donorPhoneNumber": "Donor Phone Number",
    "entities.donorId.businessName": "Business Name",
    "entities.donorId.preferredMember": "Preferred Member",
    "entities.donorName.donorName": "Donor Name",
    "entities.donorName.donorId": "Donor ID",
    "entities.donorPhoneNumber.donorPhoneNumber": "Donor Phone Number",
    "entities.donorPhoneNumber.donorId": "Donor ID",
    "entities.donorSpentYtd.donorSpentYtd": "Donor Spent YTD",
    "entities.donorSpentYtd.timestamp": "Timestamp",
    "entities.donorSpentYtd.donorId": "Donor ID",
    "entities.donorStreetAddress.donorStreetAddress": "Donor Street Address",
    "entities.donorStreetAddress.donorId": "Donor ID",
    "entities.donorSuite.donorSuite": "Donor Suite",
    "entities.donorSuite.donorId": "Donor ID",
    "entities.donorZip.donorZip": "Donor Zip",
    "entities.donorZip.donorId": "Donor ID",
    "entities.eligiblePcp.eligiblePcp": "Eligible PCP",
    "entities.eligiblePcp.memberName": "Member Name",
    "entities.eligiblePcp.hcapScore": "HCAP Score",
    "entities.eligiblePcp.pcpMember": "PCP Member",
    "entities.eligiblePcp.p2P": "P 2 P",
    "entities.eligiblePcp.commercialInsurance": "Commercial Insurance",
    "entities.eligiblePcp.basicFee": "Basic Fee",
    "entities.eligiblePcp.medicare": "Medicare",
    "entities.eligiblePcp.specialistFee": "Specialist Fee",
    "entities.eligiblePcp.officeHours": "Office Hours",
    "entities.eligiblePcp.npi": "NPI",
    "entities.eligiblePcp.pcpSuite": "PCP Suite",
    "entities.eligiblePcp.pcpStreetAddress": "PCP Street Address",
    "entities.eligiblePcp.pcpzipCode": "PCPZIP Code",
    "entities.eligiblePcp.telephone": "Telephone",
    "entities.eligiblePcp.title": "Title",
    "entities.eligiblePcp.primaryCareName": "Primary Care Name",
    "entities.gender.gender": "Gender",
    "entities.gender.memberName": "Member Name",
    "entities.hcapScore.hcapScore": "HCAP Score",
    "entities.hcapScore.timestamp": "Timestamp",
    "entities.hcapScore.primaryCareId": "Primary Care ID",
    "entities.invoiceAmount.invoiceAmount": "Invoice Amount",
    "entities.invoiceAmount.transactionId": "Transaction ID",
    "entities.invoiceId.invoiceId": "Invoice ID",
    "entities.invoiceId.transactionId": "Transaction ID",
    "entities.invoiceNumber.invoiceNumber": "Invoice Number",
    "entities.invoiceNumber.transactionId": "Transaction ID",
    "entities.invoiceNumber.timestamp": "Timestamp",
    "entities.maxPerTransaction.maxPerTransaction": "Max Per Transaction",
    "entities.maxPerTransaction.donorId": "Donor ID",
    "entities.medicare.medicare": "Medicare",
    "entities.medicare.primaryCareId": "Primary Care ID",
    "entities.memberAmountPaid.memberAmountPaid": "Member Amount Paid",
    "entities.memberAmountPaid.transactionId": "Transaction ID",
    "entities.memberId.memberId": "Member ID",
    "entities.memberId.memberName": "Member Name",
    "entities.memberName.memberName": "Member Name",
    "entities.memberName.eligiblePcp": "Eligible PCP",
    "entities.memberName.patientsPcp": "Patients PCP",
    "entities.memberName.membersTransactions": "Members Transactions",
    "entities.memberName.membersPcp": "Members PCP",
    "entities.memberName.registrationDate": "Registration Date",
    "entities.memberName.balanceDue": "Balance Due",
    "entities.memberName.dob": "DOB",
    "entities.memberName.zipCode": "ZIP Code",
    "entities.memberName.address": "Address",
    "entities.memberName.memberId": "Member ID",
    "entities.memberName.aptNo": "APT No",
    "entities.memberName.cellPhone": "Cell Phone",
    "entities.memberName.gender": "Gender",
    "entities.memberName.businessPhone": "Business Phone",
    "entities.memberPaidAmount.memberPaidAmount": "Member Paid Amount",
    "entities.memberPaidAmount.transactionId": "Transaction ID",
    "entities.membersPcp.membersPcp": "Members PCP",
    "entities.membersPcp.memberName": "Member Name",
    "entities.membersPcp.primaryCareId": "Primary Care ID",
    "entities.membersTransactions.membersTransactions": "Members Transactions",
    "entities.membersTransactions.memberName": "Member Name",
    "entities.membersTransactions.invoiceNumber": "Invoice Number",
    "entities.membersTransactions.totalDonorPayments": "Total Donor Payments",
    "entities.membersTransactions.invoiceAmount": "Invoice Amount",
    "entities.membersTransactions.memberPaidAmount": "Member Paid Amount",
    "entities.membersTransactions.transactionDonationAmount": "Transaction Donation Amount",
    "entities.membersTransactions.transactionPcp": "Transaction PCP",
    "entities.membersTransactions.transactionAmount": "Transaction Amount",
    "entities.membersTransactions.transactionDate": "Transaction Date",
    "entities.membersTransactions.invoiceId": "Invoice ID",
    "entities.membersTransactions.transactionDonor": "Transaction Donor",
    "entities.membersTransactions.transactionMember": "Transaction Member",
    "entities.membersTransactions.memberAmountPaid": "Member Amount Paid",
    "entities.minPerTransaction.minPerTransaction": "MIN Per Transaction",
    "entities.minPerTransaction.donorId": "Donor ID",
    "entities.npi.npi": "NPI",
    "entities.npi.primaryCareId": "Primary Care ID",
    "entities.officeHours.officeHours": "Office Hours",
    "entities.officeHours.primaryCareId": "Primary Care ID",
    "entities.p2P.p2P": "P 2 P",
    "entities.p2P.primaryCareId": "Primary Care ID",
    "entities.paidMembers.paidMembers": "Paid Members",
    "entities.paidMembers.donorId": "Donor ID",
    "entities.paidMembers.eligiblePcp": "Eligible PCP",
    "entities.paidMembers.patientsPcp": "Patients PCP",
    "entities.paidMembers.membersTransactions": "Members Transactions",
    "entities.paidMembers.membersPcp": "Members PCP",
    "entities.paidMembers.registrationDate": "Registration Date",
    "entities.paidMembers.balanceDue": "Balance Due",
    "entities.paidMembers.dob": "DOB",
    "entities.paidMembers.zipCode": "ZIP Code",
    "entities.paidMembers.address": "Address",
    "entities.paidMembers.memberId": "Member ID",
    "entities.paidMembers.aptNo": "APT No",
    "entities.paidMembers.cellPhone": "Cell Phone",
    "entities.paidMembers.gender": "Gender",
    "entities.paidMembers.businessPhone": "Business Phone",
    "entities.patientsPcp.patientsPcp": "Patients PCP",
    "entities.patientsPcp.memberName": "Member Name",
    "entities.patientsPcp.hcapScore": "HCAP Score",
    "entities.patientsPcp.pcpMember": "PCP Member",
    "entities.patientsPcp.p2P": "P 2 P",
    "entities.patientsPcp.commercialInsurance": "Commercial Insurance",
    "entities.patientsPcp.basicFee": "Basic Fee",
    "entities.patientsPcp.medicare": "Medicare",
    "entities.patientsPcp.specialistFee": "Specialist Fee",
    "entities.patientsPcp.officeHours": "Office Hours",
    "entities.patientsPcp.npi": "NPI",
    "entities.patientsPcp.pcpSuite": "PCP Suite",
    "entities.patientsPcp.pcpStreetAddress": "PCP Street Address",
    "entities.patientsPcp.pcpzipCode": "PCPZIP Code",
    "entities.patientsPcp.telephone": "Telephone",
    "entities.patientsPcp.title": "Title",
    "entities.patientsPcp.primaryCareName": "Primary Care Name",
    "entities.pcpMember.pcpMember": "PCP Member",
    "entities.pcpMember.primaryCareId": "Primary Care ID",
    "entities.pcpMember.eligiblePcp": "Eligible PCP",
    "entities.pcpMember.patientsPcp": "Patients PCP",
    "entities.pcpMember.membersTransactions": "Members Transactions",
    "entities.pcpMember.membersPcp": "Members PCP",
    "entities.pcpMember.registrationDate": "Registration Date",
    "entities.pcpMember.balanceDue": "Balance Due",
    "entities.pcpMember.dob": "DOB",
    "entities.pcpMember.zipCode": "ZIP Code",
    "entities.pcpMember.address": "Address",
    "entities.pcpMember.memberId": "Member ID",
    "entities.pcpMember.aptNo": "APT No",
    "entities.pcpMember.cellPhone": "Cell Phone",
    "entities.pcpMember.gender": "Gender",
    "entities.pcpMember.businessPhone": "Business Phone",
    "entities.pcpStreetAddress.pcpStreetAddress": "PCP Street Address",
    "entities.pcpStreetAddress.primaryCareId": "Primary Care ID",
    "entities.pcpSuite.pcpSuite": "PCP Suite",
    "entities.pcpSuite.primaryCareId": "Primary Care ID",
    "entities.pcpzipCode.pcpzipCode": "PCPZIP Code",
    "entities.pcpzipCode.primaryCareId": "Primary Care ID",
    "entities.pcpzipCode.memberName": "Member Name",
    "entities.preferredMember.preferredMember": "Preferred Member",
    "entities.preferredMember.donorId": "Donor ID",
    "entities.preferredMember.eligiblePcp": "Eligible PCP",
    "entities.preferredMember.patientsPcp": "Patients PCP",
    "entities.preferredMember.membersTransactions": "Members Transactions",
    "entities.preferredMember.membersPcp": "Members PCP",
    "entities.preferredMember.registrationDate": "Registration Date",
    "entities.preferredMember.balanceDue": "Balance Due",
    "entities.preferredMember.dob": "DOB",
    "entities.preferredMember.zipCode": "ZIP Code",
    "entities.preferredMember.address": "Address",
    "entities.preferredMember.memberId": "Member ID",
    "entities.preferredMember.aptNo": "APT No",
    "entities.preferredMember.cellPhone": "Cell Phone",
    "entities.preferredMember.gender": "Gender",
    "entities.preferredMember.businessPhone": "Business Phone",
    "entities.primaryCareId.primaryCareId": "Primary Care ID",
    "entities.primaryCareId.hcapScore": "HCAP Score",
    "entities.primaryCareId.pcpMember": "PCP Member",
    "entities.primaryCareId.p2P": "P 2 P",
    "entities.primaryCareId.commercialInsurance": "Commercial Insurance",
    "entities.primaryCareId.basicFee": "Basic Fee",
    "entities.primaryCareId.medicare": "Medicare",
    "entities.primaryCareId.specialistFee": "Specialist Fee",
    "entities.primaryCareId.officeHours": "Office Hours",
    "entities.primaryCareId.npi": "NPI",
    "entities.primaryCareId.pcpSuite": "PCP Suite",
    "entities.primaryCareId.pcpStreetAddress": "PCP Street Address",
    "entities.primaryCareId.pcpzipCode": "PCPZIP Code",
    "entities.primaryCareId.telephone": "Telephone",
    "entities.primaryCareId.title": "Title",
    "entities.primaryCareId.primaryCareName": "Primary Care Name",
    "entities.primaryCareName.primaryCareName": "Primary Care Name",
    "entities.primaryCareName.primaryCareId": "Primary Care ID",
    "entities.registrationDate.registrationDate": "Registration Date",
    "entities.registrationDate.memberName": "Member Name",
    "entities.specialistFee.specialistFee": "Specialist Fee",
    "entities.specialistFee.primaryCareId": "Primary Care ID",
    "entities.telephone.telephone": "Telephone",
    "entities.telephone.primaryCareId": "Primary Care ID",
    "entities.timestamp.timestamp": "Timestamp",
    "entities.title.title": "Title",
    "entities.title.primaryCareId": "Primary Care ID",
    "entities.totalDonorPayments.totalDonorPayments": "Total Donor Payments",
    "entities.totalDonorPayments.transactionId": "Transaction ID",
    "entities.transactionAmount.transactionAmount": "Transaction Amount",
    "entities.transactionAmount.transactionId": "Transaction ID",
    "entities.transactionDate.transactionDate": "Transaction Date",
    "entities.transactionDate.transactionId": "Transaction ID",
    "entities.transactionDonationAmount.transactionDonationAmount": "Transaction Donation Amount",
    "entities.transactionDonationAmount.transactionId": "Transaction ID",
    "entities.transactionDonationAmount.transactionDonor": "Transaction Donor",
    "entities.transactionDonor.transactionDonor": "Transaction Donor",
    "entities.transactionDonor.transactionDonationAmount": "Transaction Donation Amount",
    "entities.transactionDonor.transactionId": "Transaction ID",
    "entities.transactionDonor.donorCommitment": "Donor Commitment",
    "entities.transactionDonor.donorFax": "Donor Fax",
    "entities.transactionDonor.donorSpentYtd": "Donor Spent YTD",
    "entities.transactionDonor.donorZip": "Donor Zip",
    "entities.transactionDonor.donorCurrentBalance": "Donor Current Balance",
    "entities.transactionDonor.minPerTransaction": "MIN Per Transaction",
    "entities.transactionDonor.donorSuite": "Donor Suite",
    "entities.transactionDonor.donorStreetAddress": "Donor Street Address",
    "entities.transactionDonor.donorBusiness": "Donor Business",
    "entities.transactionDonor.paidMembers": "Paid Members",
    "entities.transactionDonor.donorName": "Donor Name",
    "entities.transactionDonor.maxPerTransaction": "Max Per Transaction",
    "entities.transactionDonor.donorPhoneNumber": "Donor Phone Number",
    "entities.transactionDonor.businessName": "Business Name",
    "entities.transactionDonor.preferredMember": "Preferred Member",
    "entities.transactionId.transactionId": "Transaction ID",
    "entities.transactionId.invoiceNumber": "Invoice Number",
    "entities.transactionId.totalDonorPayments": "Total Donor Payments",
    "entities.transactionId.invoiceAmount": "Invoice Amount",
    "entities.transactionId.memberPaidAmount": "Member Paid Amount",
    "entities.transactionId.transactionDonationAmount": "Transaction Donation Amount",
    "entities.transactionId.transactionPcp": "Transaction PCP",
    "entities.transactionId.transactionAmount": "Transaction Amount",
    "entities.transactionId.transactionDate": "Transaction Date",
    "entities.transactionId.invoiceId": "Invoice ID",
    "entities.transactionId.transactionDonor": "Transaction Donor",
    "entities.transactionId.transactionMember": "Transaction Member",
    "entities.transactionId.memberAmountPaid": "Member Amount Paid",
    "entities.transactionMember.transactionMember": "Transaction Member",
    "entities.transactionMember.transactionId": "Transaction ID",
    "entities.transactionMember.eligiblePcp": "Eligible PCP",
    "entities.transactionMember.patientsPcp": "Patients PCP",
    "entities.transactionMember.membersTransactions": "Members Transactions",
    "entities.transactionMember.membersPcp": "Members PCP",
    "entities.transactionMember.registrationDate": "Registration Date",
    "entities.transactionMember.balanceDue": "Balance Due",
    "entities.transactionMember.dob": "DOB",
    "entities.transactionMember.zipCode": "ZIP Code",
    "entities.transactionMember.address": "Address",
    "entities.transactionMember.memberId": "Member ID",
    "entities.transactionMember.aptNo": "APT No",
    "entities.transactionMember.cellPhone": "Cell Phone",
    "entities.transactionMember.gender": "Gender",
    "entities.transactionMember.businessPhone": "Business Phone",
    "entities.transactionPcp.transactionPcp": "Transaction PCP",
    "entities.transactionPcp.transactionId": "Transaction ID",
    "entities.transactionPcp.primaryCareId": "Primary Care ID",
    "entities.uploadedBy.uploadedBy": "Uploaded By",
    "entities.uploadedBy.uploadFile": "Upload File",
    "entities.uploadFile.uploadFile": "Upload File",
    "entities.uploadFile.uploadedBy": "Uploaded By",
    "entities.uploadFile.timestamp": "Timestamp",
    "entities.zipCode.zipCode": "ZIP Code",
    "entities.zipCode.memberName": "Member Name"
  }
}
